sender_id,label,y,n_urls,l1_score,l2_score,l1_score_v2
ViCARE-S,legit,0,1,0.1874172172504428,0.3245561264411156,0.033268452375782735
onTIRA-S,legit,0,0,0.0718502828662295,,0.11120329430882898
HDFCBK-T,legit,0,0,0.3275959679535304,,0.5059686827020105
BLUDRT-S,legit,0,0,0.9999941842385308,,0.9999998927893992
DJSCEX-S,legit,0,0,0.0737225791113153,,0.06114954254218793
blnkit-S,legit,0,0,0.6160359568846745,,0.7200452703297068
JIOHTR-S,legit,0,0,0.1101502470162131,,0.001944380157998395
SAVNA-S,legit,0,0,0.0251702848883846,,0.019968460628134725
SHEINI-S,legit,0,0,0.2630835401818556,,0.1192600627708054
ZOMATO-S,legit,0,0,0.0232855860145849,,0.010779667908133367
LOCKER-S,legit,0,0,0.350198817526173,,0.46805618547281613
HDFCSC-S,legit,0,0,0.0176049123139593,,0.03889423392593498
DOMINO-S,legit,0,0,0.0149399366870562,,0.022313069804911743
IRSMSa-G,legit,0,0,0.2992634734865105,,0.16936563287827905
MYCLIQ-S,legit,0,1,0.5864762413110037,0.3403647098960949,0.9569100014909878
VM-FLPKRT,legit,0,0,0.0153662881401028,,0.8324619255290708
JX-SARBNK-S,legit,0,0,0.6378160302078163,,0.7899729085739312
JK-SBIUPI-S,legit,0,0,0.35476114459553,,0.11954287458659785
JK-JIOMRT-S,legit,0,1,0.9959838717030746,0.4911928185695601,0.9999999656315027
JK-SWIGGY-S,legit,0,0,0.0301456789596695,,0.02320321108595929
JZ-RJIOTV-S,legit,0,0,0.0076246112917864,,0.05581155025518961
AD-INYKAA,legit,0,0,0.2685072276509217,,0.3523887733301667
VM-MYNTRA,legit,0,0,0.0492599794034326,,0.024665683862101242
JX-WOWSKN,legit,0,1,0.7193880510958887,0.1920598319703352,0.8064390817546391
JM-ISKCON,legit,0,1,0.5574538070718769,0.1305590899832965,0.6356546264784075
JM-NMIMSU,legit,0,1,0.1546545531607088,0.4523477667913529,0.30394861564352504
JK-ORIFLM,legit,0,1,0.97443693297816,0.5368302979686143,0.9999851318502812
TM-BYJUSC,legit,0,1,0.3009936548822132,0.8338116433739533,0.902121144013838
JM-KOTAKA,legit,0,1,0.2124928803310121,0.6482895968776712,0.16277520374392088
AD-BYJUSC,legit,0,1,0.1173575173107396,0.7722197170564431,0.7673188621675714
JK-MYCRCL,legit,0,1,0.9898428978632988,0.6542806020928673,0.9999991114721097
JX-NCBMUM,legit,0,0,0.0159881470656109,,0.0016240214233378268
JM-MYTNEU,legit,0,0,0.0396260615991015,,0.07083354142371955
AX-JGAANA,legit,0,0,0.0046481939542266,,0.004949701612522053
VK-YES8NK,phishing,1,1,0.9999977676698628,0.6946707945676616,0.7170016746216175
741247,phishing,1,1,0.999997444944072,0.6842360280328331,0.9999999865555568
BW-OYOROO,legit,0,0,0.0153520308248594,,0.0008305110007006426
VK-IXG0AI,phishing,1,1,0.9970043791444688,0.5586850742565069,0.999995133117685
BW-INDPST,legit,0,0,0.0239998338954297,,0.9877056733644636
VK-OYOROO,legit,0,1,0.0234973404582577,0.2963479145971195,0.013046208191276673
VK-AIRTEL,legit,0,0,0.0204900002315471,,0.9706807099761151
JD-FASOSN,legit,0,0,0.0152928164542851,,0.8373901832573059
VK-PWSKUL,legit,0,1,0.0148294882077658,0.6356696491117978,0.003000836347811386
VM-MEESHO,legit,0,0,0.0153925072379036,,0.9678011690460266
128178,phishing,1,1,0.999997444451342,0.6809296159014573,0.9770650217245751
JM-GOIBIB,legit,0,1,0.0161447020713913,0.2227703240180471,0.02473393535013814
JM-SBIINB,legit,0,0,0.0028193467466189,,0.0009001060223379586
8539918207,phishing,1,1,0.9999983483016112,0.6757918012458783,0.9770650217245751
VM-MEESHO,legit,0,1,0.0223549657565359,0.2800612433948534,0.0015548606396247563
BP-KOTAKB,legit,0,0,0.0284689668812638,,0.003430381818409279
JD-GPAYIN,legit,0,0,0.0065542817572228,,0.017426289101444795
BP-MYNTRA,legit,0,0,0.0181183380454406,,0.156487125976034
BW-OYOROO,legit,0,0,0.0156055161679475,,0.0008305110007006426
VK-AMAZON,legit,0,0,0.0155822831156355,,0.9284564073398409
JM-SBIINB,legit,0,0,0.0369736844072858,,0.3505163084255381
VK-HDFCBK,legit,0,0,0.0157267283962652,,0.0038465286269121646
AD-IXGOAI,legit,0,0,0.016232071171153,,0.001372760655278374
BP-AJIOIN,legit,0,0,0.0162481532688688,,0.9678011690460266
VM-AMAZON,legit,0,0,0.0344856396271953,,0.299689885065362
AX-SWIGGY,legit,0,0,0.0164473595905897,,0.4825166502102953
BW-INDPST,legit,0,0,0.0159046658144242,,0.9846043423826837
JM-RAPIDO,legit,0,1,0.0111731914738572,0.3956194441019721,0.0013373657705992106
JD-MYNTRA0,phishing,1,1,0.9999936243008114,0.4691800570212696,0.5950930274314652
741695,phishing,1,1,0.9974128417412754,0.6978783406110668,0.9928737869053346
BW-SWIGGY,legit,0,0,0.0146898167672606,,0.4296590859392827
JD-DOMINO,legit,0,0,0.017341833142972,,0.921749483890675
BP-FASOSN,legit,0,0,0.0162073106021693,,0.921749483890675
BW-ICICI8,phishing,1,1,0.9999977715032088,0.4968133344041197,0.7974257512677828
JD-GPAYIN,legit,0,0,0.0137899633614537,,0.9480956147165451
JD-BYJUS,legit,0,1,0.012569747533607,0.3006296822435925,0.01604520680080163
VM-KOTAK8,phishing,1,1,0.9967497134877988,0.6983544830394494,0.7943061390488085
BP-TOPPR,legit,0,1,0.0270912894973882,0.3626303849959695,0.5059441978844093
VK-NYKAAE,legit,0,0,0.0143661878346553,,0.13297751432098168
VM-TATAPW,legit,0,0,0.0236737037561064,,0.9873129606981792
AX-KOTAKB,legit,0,0,0.0029905392789928,,0.002963198372792428
JM-IRCTC,legit,0,1,0.0143756749477777,0.2213477365193972,0.005993161709782722
JM-BKINGI,legit,0,0,0.0313622143728058,,0.8861114086727028
511497,phishing,1,1,0.9999983571616374,0.5423363390076644,0.7974257512677828
AD-AJIOIN,legit,0,1,0.0207323723835348,0.1371867725673112,0.00308601254788917
JD-NYKAAE,legit,0,0,0.0119422330309472,,0.9678011690460266
VK-AMAZON,legit,0,0,0.0153443787921936,,0.9284564073398409
VM-TOPPR,legit,0,1,0.0132832826539973,0.5008771705740989,0.0040350220185164
8336873609,phishing,1,1,0.9965650151157898,0.5200015150110826,0.9897938256901482
JM-IXGOAI,legit,0,1,0.0208869418628643,0.2049453337181377,0.0036131148802782493
AX-TOPPR,legit,0,0,0.0392322263978672,,0.6101942574467104
VM-MYNTRA,legit,0,1,0.0097542270255711,0.3632338235359225,0.00013687286597041366
JM-BKINGI,legit,0,0,0.0153073494461278,,0.9515227508082021
AX-FLPKRN,phishing,1,1,0.9999921696155996,0.6727491513099365,0.9858471040310337
JD-FLPKRT,legit,0,0,0.0161996673547574,,0.8324619255290708
VK-AJIOIN8,phishing,1,1,0.7849404680330071,0.6909217123535786,0.999993515512504
5768706448,phishing,1,1,0.9999974443004244,0.5843464480064481,0.9999975807640561
AD-MEESH0,phishing,1,1,0.9941608246573022,0.6126917396758338,0.9974016208651441
JD-ICICIB,legit,0,0,0.0210072794356645,,0.018323925906842026
VK-PNBSMS,legit,0,0,0.0170491197114893,,0.14897616960369012
AX-FASOSN,legit,0,0,0.0162221374898651,,0.5250268342453288
JM-PAYTM,legit,0,0,0.0604152364074371,,0.691825541659302
AD-VEDANT,legit,0,1,0.0189502794693119,0.2864597459358736,0.362348915097606
JM-FLPKRT,legit,0,1,0.0136980058528151,0.2104618599419344,0.0012238041531140041
BP-MMTRIP,legit,0,1,0.0086186289327031,0.1869692723311909,0.005748436230848103
BP-UNACAD,legit,0,1,0.0132212267276083,0.2971408458989306,0.003403647779016572
VK-TATAPW,legit,0,0,0.0185584253046557,,0.9844946251514474
JM-FASOSN,legit,0,0,0.0173548740836331,,0.7858469053915507
AD-TOPPR,legit,0,0,0.0402680674354412,,0.8427628161719626
AX-IRCTC,legit,0,0,0.0161898449283148,,0.0011051955277687402
BP-RAPIDO,legit,0,0,0.0150230991196992,,0.0011051955277687402
AD-SWIGGY,legit,0,0,0.0178369325800278,,0.6004932577045458
VK-DOMINO,legit,0,0,0.0171654812028569,,0.7858469053915507
AD-DOM1NO,phishing,1,1,0.999996917437463,0.6978783406110668,0.9964086878633253
JM-AIRTEL,legit,0,0,0.0059449297817063,,0.01154842860893689
JD-TATAPW,legit,0,0,0.0079808379232988,,0.004597730204627313
46892,phishing,1,1,0.9971923480424782,0.6978783406110668,0.7869165084836077
VM-IRCTCS,phishing,1,1,0.999998666242437,0.7702864455167825,0.9792003024284196
BW-FASOSN,legit,0,0,0.0151729007021626,,0.6495343173993662
AD-DOMINO,legit,0,0,0.0155898849446132,,0.5250268342453288
AX-FLPKRT,legit,0,1,0.0046052656036217,0.265294724927986,0.0003266020845582473
JM-FASOSN,legit,0,0,0.0165963849992139,,0.7858469053915507
AD-IRCTC8,phishing,1,1,0.9999981678441804,0.5870839300606139,0.9792003024284196
JM-NYKAAE,legit,0,1,0.0062534972134596,0.2256296822435925,0.0005393168581334354
JD-PNBSMS,legit,0,0,0.0110105797515572,,0.040373873313140435
AD-VEDANT,legit,0,1,0.0316039342363325,0.2227703240180471,0.03391266231602936
VK-UPGRAD,legit,0,1,0.0153747843838055,0.4380199782230948,0.0227120479753788
6352847534,phishing,1,1,0.9999971764055832,0.6559603548599084,0.9619076969989133
BW-SWIGGY,legit,0,0,0.0194888231383924,,0.6004932577045458
AX-NYKAAE,legit,0,0,0.0132260569580775,,0.13297751432098168
659325,phishing,1,1,0.9936682719200832,0.6990539015636453,0.7170016746216175
VK-HDFCBK,legit,0,0,0.0012463219366439,,0.0010364944699499032
JM-DOMINO,legit,0,0,0.0153597822632875,,0.977971013262717
BP-BKINGI,legit,0,0,0.0171859288947513,,0.8106808149101435
AX-AMAZON0,phishing,1,1,0.9999907713920688,0.6933731324139254,0.9868165870422414
BW-MMTRIP,legit,0,0,0.0153549364070863,,0.0011051955277687402
JD-IRCTC,legit,0,1,0.0155602677508547,0.2213477365193972,0.007710643121138076
JM-BYJUS,legit,0,1,0.0142556174135771,0.3006296822435925,0.2151717406005962
JD-FLPKRT,legit,0,0,0.0273366541763393,,0.07863372610746527
JM-TATAPW,legit,0,0,0.0133311252621086,,0.8436189174958699
AX-BYJUS,legit,0,1,0.0240606327024609,0.4165359899144643,0.23774850990840568
BW-PNBSMS,legit,0,0,0.0019805051342978,,0.002104270299770288
VK-UNACAS,phishing,1,1,0.9999980589090104,0.6286832121097489,0.9999999965977734
VK-NYKAAE,legit,0,0,0.0162171666313356,,0.9678011690460266
BP-PNBSMS,legit,0,0,0.0034965977848324,,0.010663463210281943
AD-UNACAD,legit,0,0,0.0268455839556954,,0.25735167470318415
VM-OYOROO,legit,0,1,0.0118196982574979,0.4558997786870255,0.007908073981449507
AD-TATAPW,legit,0,0,0.0179094146461592,,0.13671527661757976
JD-MMTRIP,legit,0,0,0.0153549364070863,,0.0011051955277687402
AX-FLPKRT,legit,0,0,0.0385601918376012,,0.152166608676811
6752215165,phishing,1,1,0.9999977701975812,0.5417988508306737,0.9619076969989133
BP-JIOFIB,legit,0,0,0.0167911686293528,,0.025840922905691892
JD-ICICIB,legit,0,0,0.0031003261880163,,0.0035758324643606664
AX-RAPIDO,legit,0,0,0.0143230075544455,,0.0011051955277687402
1902628481,phishing,1,1,0.9924170801829952,0.6806777565118142,0.7170016746216175
JD-ICICIB,legit,0,0,0.0127975103106391,,0.17528712011536932
BW-TATAPW,legit,0,0,0.0090263798984951,,0.0026361691423160134
JD-PWSKUL8,phishing,1,1,0.999996065575244,0.6918117852090677,0.9999999999842347
JD-FLPKRT,legit,0,0,0.0162430067869102,,0.8324619255290708
JM-AIRTEL,legit,0,0,0.0257997738618082,,0.9940211774298371
VM-AIRTEL,legit,0,0,0.0197129494596287,,0.995457445235213
549651,phishing,1,1,0.9999987383210652,0.627538060928749,0.9758543972638395
VK-TOPPR,legit,0,0,0.0584650151106268,,0.5557237442249948
JM-FASOSN,legit,0,0,0.015601887715582,,0.921749483890675
826113,phishing,1,1,0.9946103884662106,0.6874455132788141,0.994386706442972
NF-RPJGYD,phishing,1,1,0.99740718170767,0.6946082122353331,0.9928737869053346
LI-GBDJOK,phishing,1,1,0.9949517925049184,0.694971938523824,0.9480238597613863
VM-OYOROO,legit,0,1,0.0306081587005074,0.2405227689990101,0.006359984983984532
VM-PAYTM,legit,0,0,0.0286899481238874,,0.17978427103767974
AX-NYKAAE,legit,0,0,0.0263411884226707,,0.28455972291395193
AX-AXISBK,legit,0,0,0.0107538978257688,,0.14517015498954025
AD-VEDANT,legit,0,1,0.0120827687556587,0.2227703240180471,0.004270029499112028
AX-GPAYIN,legit,0,0,0.0089433407559859,,0.02520443627123374
AX-VEDANT,legit,0,1,0.0522164167673403,0.2227703240180471,0.5537869477352687
130093,phishing,1,1,0.999996779426885,0.6333550105494965,0.9999998362927239
JD-FASOSN,legit,0,0,0.0261883809533623,,0.5936815761225036
BW-GPAYIN,legit,0,0,0.0339364220422855,,0.24752923868378227
AX-YESBNK,legit,0,0,0.0286970608159916,,0.3757372936929682
VK-INDPST,legit,0,0,0.023562775692893,,0.9684590813949673
VM-PWSKUL,legit,0,1,0.0688639831020457,0.5768999055081587,0.8998939920419607
JD-OYOROO,legit,0,1,0.012229013216367,0.2963479145971195,0.005976912394347339
JM-TOPPR,legit,0,1,0.0156210863392669,0.3626303849959695,0.005993928530754779
AX-NYKAAE,legit,0,0,0.0162171666313356,,0.9678011690460266
VM-NYKAAE,legit,0,0,0.0150007933273017,,0.156487125976034
BW-DOMINO,legit,0,0,0.0125673812516569,,0.7858469053915507
AX-AXISBK,legit,0,0,0.0222407863480537,,0.07780567892226678
BP-KOTAKS,phishing,1,1,0.9967497134877988,0.6918117852090677,0.7943061390488085
BW-AMAZON,legit,0,0,0.0459316883022665,,0.21503044646596403
BP-UNACAD,legit,0,0,0.0457913510857334,,0.6814833232628879
BP-TOPPRN,phishing,1,1,0.9999980555154744,0.5030277373724653,0.9999999999842347
VM-INDPST,legit,0,0,0.0337836189805832,,0.9961106573629788
BW-KOTAKB,legit,0,0,0.0335149877504273,,0.04186934392810015
VK-IXGOAI,legit,0,0,0.0155600546887363,,0.001372760655278374
JD-RAPIDO,legit,0,0,0.0143230075544455,,0.0011051955277687402
AD-IRCTC,legit,0,1,0.012585253849991,0.2213477365193972,0.007288668761881013
RG-KRWOSV,phishing,1,1,0.9964975071425828,0.6978783406110668,0.9999997004594595
AD-RAPIDO,legit,0,1,0.0185542171864099,0.3554313153843448,0.0574462944723624
AD-OYOROO,legit,0,1,0.0139486623032096,0.4947960021053764,0.002863066988461483
BP-SBIINB,legit,0,0,0.0172035122787891,,0.005236347712135587
VM-DOMINO,legit,0,0,0.0153597822632875,,0.977971013262717
JM-ICICIB,legit,0,0,0.0174241811654161,,0.0267686206125852
VK-TATAPW,legit,0,0,0.0171081051863778,,0.07513275687067662
9060094282,phishing,1,1,0.9999972587628982,0.6791798560012903,0.979094696795447
JD-ICICIB,legit,0,0,0.041709350452444,,0.06147502632684654
VM-INDPST,legit,0,0,0.0099868106088061,,0.0021286857763758767
VK-BYJUS,legit,0,1,0.0136562302151403,0.5171667241618464,0.024272742785791054
AX-MYNTRS,phishing,1,1,0.7872446159805625,0.6158813131178179,0.999993515512504
JD-FASOSN,legit,0,0,0.0161827384430344,,0.7858469053915507
VM-RAPIDO,legit,0,0,0.0143230075544455,,0.0011051955277687402
BP-UNACAD,legit,0,1,0.0198838003935235,0.4423626190578081,0.006653507210478678
VK-OYOROO,legit,0,1,0.0198761239347889,0.4795099964059588,0.016982167101869235
AX-FLPKRT,legit,0,1,0.01704194035168,0.2104618599419344,0.0009736395585245966
BP-PWSKUL,legit,0,0,0.0074258614352853,,0.18991545625265127
VM-MYNTRA,legit,0,1,0.029268598699135,0.3632338235359225,0.002950394152424855
AD-FLPKRT,legit,0,0,0.0160137498768666,,0.152166608676811
BP-SWIGGY,legit,0,0,0.0156973153386432,,0.6004932577045458
JM-MYNTRA,legit,0,0,0.0238097758548184,,0.28455972291395193
VM-JI0FIB,phishing,1,1,0.9920699495987584,0.6911191627500046,0.9750074675796307
AD-UPGRAD,legit,0,0,0.0206795478633413,,0.726323509403999
VK-UPGRAD,legit,0,0,0.0237988542718989,,0.6189975037533334
VK-KOTAKS,phishing,1,1,0.9999977656876398,0.6948436701724445,0.9999999865555568
AD-PNBSMS,legit,0,0,0.0187740752853958,,0.059634355600959754
JD-JIOFIB,legit,0,0,0.0128788933471505,,0.171887813414137
AX-VEDANT,legit,0,0,0.0199524729355382,,0.583557142203689
AD-FLPKRS,phishing,1,1,0.9971312885232776,0.6727491513099365,0.9858471040310337
BP-GPAYIN,legit,0,0,0.0148282495379057,,0.9800234643032011
BP-MMTRIP,legit,0,0,0.015542468857869,,0.0011051955277687402
VM-MMTRIP,legit,0,0,0.015542468857869,,0.0011051955277687402
556318,phishing,1,1,0.9963500548357784,0.6912010479902095,0.9950367985046742
JD-PAYTM,legit,0,0,0.0667905792610766,,0.8984507704266737
JD-YESBNK,legit,0,0,0.0122134898103167,,0.0031111677325473845
AD-INDPST,legit,0,0,0.0169057145188219,,0.989967671972608
BP-VEDANT,legit,0,1,0.0194596040741156,0.350019622274398,0.33543130613303745
BW-VEDANT,legit,0,0,0.0134037861070975,,0.23001734527302806
AD-MMTRIP,legit,0,0,0.0153549364070863,,0.0011051955277687402
BP-SWIGGY,legit,0,0,0.0157888264548383,,0.2972354292493706
JM-PAYTM,legit,0,0,0.0886499195286106,,0.9882103444093584
VK-FASOSN0,phishing,1,1,0.9999983513291358,0.6991544692587284,0.9999999231253602
VM-INDPST,legit,0,0,0.0176773700660569,,0.9538488606257095
VK-GPAYIN,legit,0,0,0.0294552595408362,,0.9948683147192647
BW-BYJUS,legit,0,0,0.0106819581126307,,0.2639838548145735
KA-IEQRLD,phishing,1,1,0.999996779426885,0.6968287364500775,0.9999998362927239
VK-AMAZON0,phishing,1,1,0.9896774604749284,0.6591079614667215,0.5422375718234047
JM-SWIGGY,legit,0,0,0.0300675492061278,,0.37257406504941254
AD-1RCTC,phishing,1,1,0.9964417170413152,0.6858993796475962,0.9792003024284196
BP-PWSKUL,legit,0,0,0.0214523955542505,,0.726323509403999
BW-AIRTEL,legit,0,0,0.0246024245863616,,0.10236556798089962
VK-NYKAAE,legit,0,1,0.0052901524684792,0.3170317704935523,8.882826312651504e-05
BP-PWSKUL,legit,0,0,0.0392980020328278,,0.8503551916650702
AX-BKINGI,legit,0,0,0.0377562270855313,,0.9682846837677273
BW-MEESHO,legit,0,0,0.0152845384409143,,0.9678011690460266
BP-FASOSN,legit,0,0,0.0110037520914827,,0.4656868051017366
JM-RAPIDO,legit,0,0,0.0150230991196992,,0.0011051955277687402
8119456628,phishing,1,1,0.9973085438966228,0.6440511497150073,0.9927646266889322
193948,phishing,1,1,0.99998138640223,0.6626782766785688,0.9928737869053346
AX-SBIINB,legit,0,0,0.0026725881312771,,0.006285355947596918
VK-AXISBK,legit,0,0,0.0028171693939084,,0.003236694859590256
JD-MMTRIP,legit,0,1,0.0095934394232949,0.1869692723311909,0.0071456408749702455
BP-MMTRIP,legit,0,1,0.0162180284526865,0.1869692723311909,0.03588251110004575
VK-BKINGI,legit,0,0,0.0227872881082967,,0.8439695038744482
BW-KOTAKB,legit,0,0,0.0027375624176132,,0.0026448885834107895
JD-DOMINN,phishing,1,1,0.9999950876603712,0.5394167920642472,0.9929759276949863
BP-PWSKUL,legit,0,1,0.0173849828484858,0.4365852019475114,0.17447682644701967
AX-YESBNK,legit,0,0,0.0123707939799357,,0.0031111677325473845
963732,phishing,1,1,0.9968725902238436,0.6978783406110668,0.9852772156800941
JD-HDFCBK,legit,0,0,0.0233058899343438,,0.13254329429415843
AX-MYNTRA,legit,0,1,0.0079739970557234,0.3632338235359225,0.00010296784977649145
AX-MMTRIP,legit,0,1,0.0155774562947749,0.1869692723311909,0.03588251110004575
BP-UPGRAD,legit,0,1,0.0291281726768635,0.4889272453626982,0.40968852971625075
VM-PAYTM,legit,0,0,0.01975680305171,,0.030658258060326744
JM-GOIBIB,legit,0,1,0.0164228023959746,0.3684614508912283,0.01773578188069325
JD-DOMINO,legit,0,0,0.015574269488638,,0.977971013262717
JM-PWSKUL,legit,0,1,0.0364294812376038,0.5768999055081587,0.08439062229207864
JD-INDPST,legit,0,0,0.0476668271207454,,0.09424054351630026
VM-AXISBK,legit,0,0,0.0288164528314358,,0.2730655773543471
BW-HDFCBK,legit,0,0,0.0139591957685326,,0.0038465286269121646
VK-NYKAAE,legit,0,0,0.0162292546609821,,0.2436794664319744
AX-OYORON,phishing,1,1,0.9999955554441704,0.5801383921316924,0.9700676708672259
BP-DOMINO,legit,0,0,0.0135589490347613,,0.977971013262717
BW-AIRTEL,legit,0,0,0.0481979124078537,,0.9967699320525107
AD-UNACAD,legit,0,1,0.0173896487913732,0.3171861645148467,0.025726749014686953
AX-PAYTM,legit,0,0,0.0217115377552562,,0.049795512638361884
VM-YESBNK,legit,0,0,0.023800402822911,,0.16573164428204698
BW-PWSKUL,legit,0,1,0.0153154915362779,0.5130950644545171,0.007252105518574718
AD-ICICI8,phishing,1,1,0.9999984025488036,0.6728940252916386,0.9999999881924504
AD-HDFCBK,legit,0,0,0.0148392615677294,,0.0038465286269121646
AX-AMAZON,legit,0,0,0.0162337898832351,,0.9284564073398409
341774,phishing,1,1,0.9999983626730372,0.6379460696920309,0.999999283139203
BW-IRCTC,legit,0,1,0.0123339773236519,0.2213477365193972,0.005553527223712634
JD-PNBSMS,legit,0,0,0.0152877899368813,,0.11561721573398795
VM-PWSKUL,legit,0,1,0.02060843228844,0.5768999055081587,0.33543130613303745
AD-PAYTMS,phishing,1,1,0.9999991456217407,0.6985353840112658,0.9999975496357116
JM-GPAYIN8,phishing,1,1,0.999998365503918,0.6972330744684065,0.9758543972638395
JM-KOTAKB,legit,0,0,0.0032507387155304,,0.0026876663274979216
JM-RAPIDO,legit,0,0,0.0149588918014004,,0.0011051955277687402
AD-PAYTMX,phishing,1,1,0.99999872833356,0.6990972008375885,0.9999874672969884
AX-FLPKRT,legit,0,0,0.0215131903844391,,0.152166608676811
JM-AJIOIN8,phishing,1,1,0.985843630138787,0.6996836633062921,0.5950930274314652
JM-PNBSMS,legit,0,0,0.01298634585024,,0.09429077922743706
VM-TATAPWX,phishing,1,1,0.9999977682121438,0.6924226411779089,0.999999283139203
VK-YESBNK,legit,0,0,0.0015585603431206,,0.002657993190878464
BP-VEDANT,legit,0,1,0.013323040282387,0.2227703240180471,0.006940662946697827
BP-AXISBK,legit,0,0,0.0137848481197791,,0.1010575448544133
7570041197,phishing,1,1,0.9999948974914512,0.674123262743514,0.9950367985046742
AD-AJIOIN,legit,0,0,0.0189463424021615,,0.13297751432098168
VK-GOIBIB,legit,0,1,0.0126298011783674,0.2947088963692528,0.025793322722040286
BP-SW1GGY,phishing,1,1,0.9999972005026398,0.6483355101648116,0.9999975807640561
BP-INDPST,legit,0,0,0.0470595804030057,,0.09094914213201452
BP-JIOFIB,legit,0,0,0.0074929983109095,,0.013097656528158023
BP-FASOSN,legit,0,0,0.0162301935789536,,0.8373901832573059
3779,phishing,1,1,0.9952852778239965,0.694403052606472,0.9770650217245751
VM-IRCTC,legit,0,0,0.0161898449283148,,0.0011051955277687402
JM-PAYTM,legit,0,0,0.0224490042688524,,0.1374140557996722
VK-AJIOIN,legit,0,0,0.0152837618962588,,0.9678011690460266
AX-BKINGI,legit,0,0,0.0171859288947513,,0.8106808149101435
BW-TATAPW,legit,0,0,0.0163181190828978,,0.9844946251514474
VK-TOPPR,legit,0,1,0.0225523313781802,0.3626303849959695,0.5474347833550118
AX-UNACAD,legit,0,1,0.0156612059799803,0.5285688710129663,0.009812227186079131
AD-GOIBIB,legit,0,1,0.0141878151221485,0.3480375851003299,0.01630892322083057
JM-AXISBK,legit,0,0,0.011934687235365,,0.06981184339088066
AD-MYNTRA,legit,0,1,0.0251528876425156,0.3632338235359225,0.0006434102756076683
BP-AJIOIN,legit,0,1,0.0100526293194278,0.3875265253985939,0.0014702783888394832
AD-FASOSN,legit,0,0,0.0162496253164926,,0.7858469053915507
JD-UPGRAD,legit,0,1,0.0113544610506663,0.4755580128241937,0.004457430260431669
VK-NYKAAE,legit,0,1,0.0081887927560592,0.2256296822435925,0.00022084002650708804
VM-FASOSN,legit,0,0,0.0156109576497713,,0.8373901832573059
VK-TBIKFS,phishing,1,1,0.9999989030133904,0.6517720440811964,0.9999999956958593
BP-FLPKRT8,phishing,1,1,0.9856508590629878,0.519829256246298,0.37963441859130703
VK-TATAPW,legit,0,0,0.0101544288400954,,0.004577100743502813
JM-MEESHO,legit,0,0,0.0358591643423977,,0.28455972291395193
YR-BGDYMU,phishing,1,1,0.9967741737080844,0.6948436701724445,0.9999998884186914
AX-AJIOIN,legit,0,0,0.0155726571820606,,0.9678011690460266
JD-MYNTRA,legit,0,0,0.0268548843233388,,0.9678011690460266
BW-DOMINO,legit,0,0,0.0162304779245055,,0.5250268342453288
VK-GPAYIN,legit,0,0,0.0188922975967345,,0.24752923868378227
AX-GPAYIN,legit,0,0,0.0121900377853962,,0.24752923868378227
AD-IRCTC,legit,0,1,0.0132517158405074,0.28175752189612,0.007288668761881013
AX-SWIGGY,legit,0,0,0.0240796943140366,,0.6226448287273242
AX-VEDANT,legit,0,1,0.0217727258133311,0.2227703240180471,0.7319595656826534
BP-DOMINO,legit,0,0,0.0153597822632875,,0.977971013262717
JD-8YJUS,phishing,1,1,0.9999974129777874,0.6944908172219562,0.9999999999842347
AX-ZOMATO,legit,0,0,0.030153636559872,,0.5125747556931926
VM-IRCTC,legit,0,1,0.0160513533072159,0.3524930687744032,0.004413626921410337
JD-TATAPW,legit,0,0,0.0288292373869612,,0.9607082302778813
BW-JIOFIB,legit,0,0,0.0121928865284818,,0.010291549075046752
JM-MMTRIP,legit,0,1,0.0241343571413374,0.1869692723311909,0.007432116385308173
AD-AJIOIN,legit,0,0,0.0155726571820606,,0.9678011690460266
AD-RAPIDO,legit,0,1,0.0109512699127318,0.3635404632342823,0.017495212454961512
BW-DOMINO,legit,0,0,0.0179367069154527,,0.7858469053915507
AX-GPAYIN,legit,0,0,0.0142152868328088,,0.9817045331627017
AD-HDFCBK,legit,0,0,0.0015731742476362,,0.0011880397348183606
AD-PWSKUS,phishing,1,1,0.9944655611285228,0.6948436701724445,0.9770650217245751
VK-MMTRIP,legit,0,1,0.012224804462478,0.1869692723311909,0.010056415049242396
AD-AIRTEL,legit,0,0,0.0139415441123011,,0.00347668424476341
VM-VEDANT,legit,0,0,0.0206606921928934,,0.523117400846361
VK-GPAYIN,legit,0,0,0.0146578088363119,,0.9874731835778032
AX-GPAYIN,legit,0,0,0.0091686718846398,,0.02286680072660236
BW-FASOSN8,phishing,1,1,0.9999971839903498,0.674856843261978,0.9999999231253602
AX-PNBSMS,legit,0,0,0.0173026589086199,,0.11674228689276926
JM-AXISBK,legit,0,0,0.0154448388917886,,0.01890896610597563
BW-MEESHS,phishing,1,1,0.9801400238518604,0.6636602833226979,0.5950930274314652
JM-AJIOIN,legit,0,0,0.0237243852964888,,0.1937987217195599
JD-BYJUS,legit,0,1,0.0181294317097661,0.4471571965104808,0.46891244900503254
JM-IRCTC,legit,0,1,0.0144492744881109,0.0820552614275046,0.008720419532960298
BP-PNBSMS,legit,0,0,0.0027061560516735,,0.0025307377608796136
BW-TATAPW,legit,0,0,0.0170070414601063,,0.010726575091395383
3178776790,phishing,1,1,0.9999971975942452,0.6978783406110668,0.7170016746216175
BW-ZOMATO,legit,0,0,0.0200507948246693,,0.6322604798266275
JD-OYOROO,legit,0,1,0.010258160745361,0.4278411981650206,0.014966904821647536
AD-VEDANT,legit,0,1,0.0107657692411534,0.2227703240180471,0.0201077608359071
JM-TOPPR,legit,0,1,0.010354599658535,0.4669798972579512,0.011116438978959626
JM-T0PPR,phishing,1,1,0.9999987451603576,0.6931791580827978,0.9770650217245751
AD-PNBSMS,legit,0,0,0.0291633781326648,,0.4295241117113426
904187,phishing,1,1,0.9933251871284068,0.6739391416185123,0.9792003024284196
AX-ZOMATO,legit,0,0,0.0233593138643502,,0.6322604798266275
BW-FASOSN,legit,0,0,0.0213235792113449,,0.977971013262717
BW-BKINGI,legit,0,0,0.0245628483921496,,0.9350399259257343
VM-FLPKRT,legit,0,1,0.0253938167597946,0.2104618599419344,0.0016524633958863338
NR-ZGTBBI,phishing,1,1,0.9999920626507892,0.6898834292653162,0.5950930274314652
BW-PNBSMS,legit,0,0,0.0036859416627368,,0.00812555842737156
JM-DOMINO,legit,0,0,0.0185862929769697,,0.7858469053915507
AD-FASOSN,legit,0,0,0.0097680508970994,,0.4656868051017366
JD-AMAZON,legit,0,1,0.0142481246698485,0.3409492673423747,0.0003358520274138081
AX-MMTRIP,legit,0,1,0.0294919828694927,0.1869692723311909,0.1053917658941905
AX-VEDANT,legit,0,1,0.015752736304913,0.2249959337337719,0.33543130613303745
JM-ZOMATO,legit,0,0,0.0204312197908567,,0.6322604798266275
318575628,phishing,1,1,0.9999985175026866,0.674123262743514,0.9950367985046742
VK-KOTAKB,legit,0,0,0.0138336804940075,,0.013232397555520012
NQ-BQYWPF,phishing,1,1,0.9999929063483868,0.6985353840112658,0.9999999999842347
JM-SWIGGY,legit,0,0,0.1022341825602061,,0.7153083729218889
VF-VCSQIM,phishing,1,1,0.9999996065322692,0.6769087857648491,0.9999874672969884
BW-DOMINO8,phishing,1,1,0.9999975993855956,0.6678139719699504,0.9999999231253602
5326433310,phishing,1,1,0.9999967479962588,0.6978783406110668,0.9999999999842347
JM-ICICIB,legit,0,0,0.0021106327502896,,0.0011742422571286075
BW-AXISBK,legit,0,0,0.017664981998936,,0.021916314002571036
AD-AMAZON,legit,0,0,0.0153013984485712,,0.9284564073398409
VM-YESBNK,legit,0,0,0.0128479608119951,,0.13485613016647016
JM-UPGRAD,legit,0,1,0.0147123599980992,0.4010043008810835,0.007873413532739425
AX-MYNTRA,legit,0,0,0.0329648444195926,,0.2436794664319744
VM-UPGRAD,legit,0,1,0.0207777454844875,0.5460504644754561,0.2938405702152968
YX-PNTIKM,phishing,1,1,0.9999902119297736,0.6279175944559442,0.9852178458928621
3514636275,phishing,1,1,0.9999974383968958,0.674138406913247,0.9882079535293633
VK-GPAYIN,legit,0,0,0.0161726116257433,,0.24752923868378227
JD-MMTRIP,legit,0,0,0.0153549364070863,,0.0011051955277687402
AD-UNACAD,legit,0,1,0.0214338034143188,0.4832651717911647,0.4193391666809187
JM-JIOFIB,legit,0,0,0.0302779305345148,,0.9795895396254768
BP-ICICIB,legit,0,0,0.0105348322042596,,0.014716552123453767
JM-AIRTEL,legit,0,0,0.0176548267533692,,0.9025009238572181
AD-ZOMATO,legit,0,0,0.0210991038329705,,0.41357724271435603
VK-OYOROO,legit,0,0,0.0156055161679475,,0.0008305110007006426
JD-UNACAD,legit,0,1,0.0183565541893146,0.385026914205666,0.007873413532739425
BW-RAPIDO,legit,0,1,0.0130342303063369,0.3166953651348377,0.009363550924026475
JD-UNACAD,legit,0,0,0.0155604771319395,,0.6270658194438078
JM-HDFCBK,legit,0,0,0.0099784545497507,,0.022751798574667713
BW-JIOFIB,legit,0,0,0.037621836141861,,0.171887813414137
204889,phishing,1,1,0.996853910061226,0.5987688812917376,0.9911860275565639
JD-AJIOIN,legit,0,0,0.0162481532688688,,0.9678011690460266
VM-PNBSMS,legit,0,0,0.0208961977722021,,0.07321532496698537
JM-AXISBK,legit,0,0,0.0126691864841122,,0.012454282529117273
BP-BKINGI,legit,0,0,0.016251312596885,,0.9515227508082021
JM-ICICIB,legit,0,0,0.0185863079931169,,0.003729849737765583
VK-MEESHO,legit,0,0,0.0153925072379036,,0.9678011690460266
VM-IRCTC,legit,0,0,0.015358179920588,,0.0011051955277687402
BP-K0TAKB,phishing,1,1,0.9999954938713588,0.7718883902439798,0.9999999924181174
JD-UPGRAD,legit,0,0,0.0114841623779965,,0.6275968083243284
BP-RAPIDO,legit,0,1,0.0162852064988408,0.267841802844876,0.011700888618739391
AX-NYKAAE,legit,0,0,0.0201902586209211,,0.1937987217195599
VK-AXISBK,legit,0,0,0.0211529709710723,,0.0032375007878558517
AX-FLPKRT,legit,0,1,0.012729280089388,0.3919757816620736,0.00013973228327171118
AX-BKINGI,legit,0,0,0.0377562270855313,,0.9682846837677273
AD-VEDANT,legit,0,1,0.009676703437997,0.2698688146363833,0.009812227186079131
VM-AXISBK,legit,0,0,0.0204669024082195,,0.0417987682120801
AX-ZOMATO,legit,0,0,0.0238721384945856,,0.31152833750812087
AD-RAPIDO,legit,0,0,0.0149588918014004,,0.0011051955277687402
VK-MMTRIP,legit,0,1,0.0162458559165759,0.1869692723311909,0.01779426393547544
BP-BYJUS,legit,0,1,0.0186754342564811,0.371001665975954,0.04047558269234756
624312,phishing,1,1,0.9999983562525816,0.684905455710998,0.9882079535293633
JM-SWIGGY,legit,0,0,0.0110160873786541,,0.25836978571049457
VM-DOMINO,legit,0,0,0.0153597822632875,,0.977971013262717
