url,phish_score
1xpl.co/0HaXtt,0.3403647098960949
bit.ly/3NH1gFg,0.7722197170564431
bit.ly/3epWTBN,0.8338116433739533
http://1kx.in/OI8z3VZ66DI,0.6542806020928673
http://airtel-claim.xyz/login,0.6440511497150073
http://ajio-refund.zip/login,0.6909217123535786
http://amazon-refund.xyz/login,0.6933731324139254
http://axisbank-update.tk/login,0.6806777565118142
http://bit.ly/Mk5wigo,0.7702864455167825
http://bit.ly/uWzjjsm,0.7718883902439798
http://burgerking-alert.tk/login,0.6948436701724445
http://byjus-update.top/login,0.6944908172219562
http://cutt.ly/KMP7Jwx,0.6379460696920309
http://cutt.ly/gqrRCkh,0.6918117852090677
http://cutt.ly/m2TqQzz,0.6918117852090677
http://cutt.ly/o9ctW0n,0.6126917396758338
http://cutt.ly/z4mkg5t,0.6483355101648116
http://dominos-claim.click/login,0.5394167920642472
http://dominos-update.click/login,0.674138406913247
http://faasos-kyc-verify.click/login,0.674856843261978
http://flipkart-reward.info/login,0.519829256246298
http://googlepay-kyc-verify.xyz/login,0.6874455132788141
http://googlepay-reward.info/login,0.627538060928749
http://icicibank-claim.tk/login,0.5423363390076644
http://icicibank-reward.info/login,0.4968133344041197
http://icicibank-update.cn/login,0.6728940252916386
http://indiapost-kyc-verify.zip/login,0.6333550105494965
http://indiapost-refund.cn/login,0.6968287364500775
http://irctc-alert.loan/login,0.5870839300606139
http://irctc-alert.xyz/login,0.6858993796475962
http://is.gd/LxRLRxW,0.6559603548599084
http://is.gd/Vng9LLw,0.6158813131178179
http://is.gd/WSGa4mb,0.6279175944559442
http://kotakmahin-alert.tk/login,0.6948436701724445
http://kotakmahin-alert.xyz/login,0.6983544830394494
http://kotakmahin-alert.zip/login,0.6842360280328331
http://kotk.in/2JYBel,0.6482895968776712
http://meesho-kyc-verify.gq/login,0.6636602833226979
http://myntra-reward.gq/login,0.5987688812917376
http://myntra-reward.loan/login,0.4691800570212696
http://oyorooms-alert.cn/login,0.694971938523824
http://oyorooms-claim.info/login,0.5801383921316924
http://paytm-reward.click/login,0.6769087857648491
http://physicswal-alert.tk/login,0.6948436701724445
http://rebrand.ly/mjQ1Uqy,0.5586850742565069
http://secure-airtel-verify.info/account,0.6791798560012903
http://secure-ajio-verify.xyz/account,0.6996836633062921
http://secure-amazon-verify.loan/account,0.6591079614667215
http://secure-byjus-verify.gq/account,0.6985353840112658
http://secure-dominos-verify.info/account,0.6678139719699504
http://secure-dominos-verify.tk/account,0.684905455710998
http://secure-faasos-verify.click/account,0.6991544692587284
http://secure-flipkart-verify.top/account,0.6727491513099365
http://secure-goibibo-verify.loan/account,0.6912010479902095
http://secure-googlepay-verify.zip/account,0.6972330744684065
http://secure-irctc-verify.top/account,0.674123262743514
http://secure-jiofiber-verify.loan/account,0.6911191627500046
http://secure-kotakmahin-verify.tk/account,0.6990539015636453
http://secure-makemytrip-verify.info/account,0.6739391416185123
http://secure-myntra-verify.click/account,0.6898834292653162
http://secure-paytm-verify.gq/account,0.6985353840112658
http://secure-paytm-verify.tk/account,0.6990972008375885
http://secure-toppr-verify.gq/account,0.6931791580827978
http://secure-toppr-verify.tk/account,0.6946082122353331
http://secure-yesbank-verify.click/account,0.6946707945676616
http://swiggy-claim.click/login,0.5843464480064481
http://tatapower-alert.gq/login,0.6924226411779089
http://tinyurl.com/3Owyvd0,0.6978783406110668
http://tinyurl.com/BKViXyi,0.6978783406110668
http://tinyurl.com/GiDcKnT,0.6978783406110668
http://tinyurl.com/Xri0dpN,0.6978783406110668
http://tinyurl.com/bbhlWep,0.6978783406110668
http://tinyurl.com/dnPlGvz,0.6978783406110668
http://tinyurl.com/ktJDvMY,0.6978783406110668
http://toppr-alert.gq/login,0.6809296159014573
http://toppr-claim.loan/login,0.5030277373724653
http://toppr-update.top/login,0.6757918012458783
http://unacademy-kyc-verify.gq/login,0.6626782766785688
http://unacademy-kyc-verify.top/login,0.6286832121097489
http://unacademy-update.zip/login,0.694403052606472
http://yesbank-update.loan/login,0.6517720440811964
http://zomato-kyc-verify.zip/login,0.5417988508306737
http://zomato-reward.top/login,0.5200015150110826
https://ajio.com/track/20rape,0.1371867725673112
https://ajio.com/track/zp97bm,0.3875265253985939
https://amzn.in/track/8krd5e,0.3409492673423747
https://byjus.com/track/5o47ae,0.5171667241618464
https://byjus.com/track/8m291a,0.3006296822435925
https://byjus.com/track/gu3oby,0.4165359899144643
https://byjus.com/track/jc5qph,0.4471571965104808
https://byjus.com/track/rhnxi0,0.3006296822435925
https://byjus.com/track/rm7pyx,0.371001665975954
https://flipkart.com/track/dihsa7,0.2104618599419344
https://flipkart.com/track/hak7md,0.265294724927986
https://flipkart.com/track/k0q09j,0.2104618599419344
https://flipkart.com/track/tjxfq8,0.2104618599419344
https://flipkart.com/track/ym81cm,0.3919757816620736
https://goibibo.com/track/0n17ux,0.3684614508912283
https://goibibo.com/track/2nr1p0,0.3480375851003299
https://goibibo.com/track/mi0uz7,0.2947088963692528
https://goibibo.com/track/n8uujs,0.2227703240180471
https://goindigo.in/track/pprat0,0.2049453337181377
https://irctc.co.in/track/0nx5wt,0.3524930687744032
https://irctc.co.in/track/3yrghw,0.2213477365193972
https://irctc.co.in/track/8xmoe5,0.2213477365193972
https://irctc.co.in/track/bme9fp,0.0820552614275046
https://irctc.co.in/track/ekvl9p,0.2213477365193972
https://irctc.co.in/track/t9bn18,0.28175752189612
https://irctc.co.in/track/zppep6,0.2213477365193972
https://makemytrip.com/track/04sbrs,0.1869692723311909
https://makemytrip.com/track/1nkbtf,0.1869692723311909
https://makemytrip.com/track/5nsjf6,0.1869692723311909
https://makemytrip.com/track/95g3v2,0.1869692723311909
https://makemytrip.com/track/amtfpw,0.1869692723311909
https://makemytrip.com/track/gtii4f,0.1869692723311909
https://makemytrip.com/track/hzqh9q,0.1869692723311909
https://makemytrip.com/track/vscyoz,0.1869692723311909
https://meesho.com/track/r08cw2,0.2800612433948534
https://myntra.com/track/076a3k,0.3632338235359225
https://myntra.com/track/osfr5h,0.3632338235359225
https://myntra.com/track/q0hzyj,0.3632338235359225
https://myntra.com/track/ypmlva,0.3632338235359225
https://npfs.in/k95ebZ4VL,0.4523477667913529
https://nykaa.com/track/7r1m26,0.2256296822435925
https://nykaa.com/track/j9uu2b,0.3170317704935523
https://nykaa.com/track/prhvlz,0.2256296822435925
https://ori.link/bPtrpkUH,0.5368302979686143
https://oyorooms.com/track/31k9qm,0.4558997786870255
https://oyorooms.com/track/esp7bm,0.4947960021053764
https://oyorooms.com/track/iny2et,0.2405227689990101
https://oyorooms.com/track/pceo93,0.4795099964059588
https://oyorooms.com/track/pe60qr,0.4278411981650206
https://oyorooms.com/track/vnnvbz,0.2963479145971195
https://oyorooms.com/track/xxgaea,0.2963479145971195
https://pw.live/track/aqjrtm,0.5768999055081587
https://pw.live/track/bdurvf,0.5768999055081587
https://pw.live/track/c2e4qx,0.6356696491117978
https://pw.live/track/fc1nlc,0.5130950644545171
https://pw.live/track/itfoyq,0.5768999055081587
https://pw.live/track/ko0mtg,0.4365852019475114
https://rapido.bike/track/1p0bq1,0.3554313153843448
https://rapido.bike/track/5ipi78,0.3956194441019721
https://rapido.bike/track/d2vfhz,0.267841802844876
https://rapido.bike/track/ifa2lr,0.3635404632342823
https://rapido.bike/track/j1qi9m,0.3166953651348377
https://toppr.com/track/ckw5ng,0.5008771705740989
https://toppr.com/track/gzlma5,0.3626303849959695
https://toppr.com/track/hdbvzb,0.3626303849959695
https://toppr.com/track/hotgdu,0.3626303849959695
https://toppr.com/track/tgq9cv,0.4669798972579512
https://unacademy.com/track/2ljk4q,0.2971408458989306
https://unacademy.com/track/atn2tw,0.3171861645148467
https://unacademy.com/track/l1cq99,0.4423626190578081
https://unacademy.com/track/uq4s2f,0.385026914205666
https://unacademy.com/track/vk8sxf,0.5285688710129663
https://unacademy.com/track/yl68nt,0.4832651717911647
https://upgrad.com/track/35qbb3,0.4380199782230948
https://upgrad.com/track/fj31eg,0.5460504644754561
https://upgrad.com/track/kuo4jh,0.4889272453626982
https://upgrad.com/track/tohp6v,0.4010043008810835
https://upgrad.com/track/wyx9tr,0.4755580128241937
https://vedantu.com/track/0uhk7x,0.2864597459358736
https://vedantu.com/track/4dnmkz,0.2227703240180471
https://vedantu.com/track/5ch3l1,0.2698688146363833
https://vedantu.com/track/791zyr,0.350019622274398
https://vedantu.com/track/8bixoi,0.2227703240180471
https://vedantu.com/track/gaguvb,0.2227703240180471
https://vedantu.com/track/gcedqq,0.2227703240180471
https://vedantu.com/track/n89qkn,0.2249959337337719
https://vedantu.com/track/rgrewd,0.2227703240180471
https://vedantu.com/track/ufzdy3,0.2227703240180471
jm101.com/Jiomart/?JM=50&code=kJXW5uLY2F&tag=sms,0.4911928185695601
u3.buywow.in/kw9O4p6,0.1920598319703352
viapp.onelink.me/bSC3/DA,0.3245561264411156
www.iskcon-meals.co,0.1305590899832965
