sender_id,label,y,l1_score_v3
ViCARE-S,legit,0,0.18741721725044283
onTIRA-S,legit,0,0.07185028286622958
HDFCBK-T,legit,0,0.32759596795353046
BLUDRT-S,legit,0,0.9999941842385307
DJSCEX-S,legit,0,0.07372257911131534
blnkit-S,legit,0,0.6160359568846745
JIOHTR-S,legit,0,0.11015024701621313
SAVNA-S,legit,0,0.025170284888384603
SHEINI-S,legit,0,0.2630835401818556
ZOMATO-S,legit,0,0.023285586014584907
LOCKER-S,legit,0,0.350198817526173
HDFCSC-S,legit,0,0.017604912313959352
DOMINO-S,legit,0,0.014939936687056298
IRSMSa-G,legit,0,0.29926347348651056
MYCLIQ-S,legit,0,0.5864762413110037
VM-FLPKRT,legit,0,0.015366288140102838
JX-SARBNK-S,legit,0,0.6378160302078163
JK-SBIUPI-S,legit,0,0.35476114459553004
JK-JIOMRT-S,legit,0,0.9959838717030746
JK-SWIGGY-S,legit,0,0.03014567895966957
JZ-RJIOTV-S,legit,0,0.007624611291786421
AD-INYKAA,legit,0,0.2685072276509217
VM-MYNTRA,legit,0,0.04925997940343267
JX-WOWSKN,legit,0,0.7193880510958887
JM-ISKCON,legit,0,0.5574538070718769
JM-NMIMSU,legit,0,0.15465455316070886
JK-ORIFLM,legit,0,0.97443693297816
TM-BYJUSC,legit,0,0.30099365488221325
JM-KOTAKA,legit,0,0.21249288033101213
AD-BYJUSC,legit,0,0.11735751731073962
JK-MYCRCL,legit,0,0.9898428978632987
JX-NCBMUM,legit,0,0.015988147065610966
JM-MYTNEU,legit,0,0.03962606159910151
AX-JGAANA,legit,0,0.004648193954226681
VK-YES8NK,phishing,1,0.9999977676698629
741247,phishing,1,0.9999974449440721
BW-OYOROO,legit,0,0.015352030824859473
VK-IXG0AI,phishing,1,0.9970043791444689
BW-INDPST,legit,0,0.02399983389542973
VK-OYOROO,legit,0,0.023497340458257705
VK-AIRTEL,legit,0,0.020490000231547113
JD-FASOSN,legit,0,0.01529281645428516
VK-PWSKUL,legit,0,0.014829488207765836
VM-MEESHO,legit,0,0.01539250723790361
128178,phishing,1,0.999997444451342
JM-GOIBIB,legit,0,0.01614470207139136
JM-SBIINB,legit,0,0.0028193467466189216
8539918207,phishing,1,0.9999983483016113
VM-MEESHO,legit,0,0.02235496575653594
BP-KOTAKB,legit,0,0.028468966881263824
JD-GPAYIN,legit,0,0.0065542817572228325
BP-MYNTRA,legit,0,0.018118338045440618
BW-OYOROO,legit,0,0.01560551616794752
VK-AMAZON,legit,0,0.015582283115635578
JM-SBIINB,legit,0,0.036973684407285816
VK-HDFCBK,legit,0,0.015726728396265217
AD-IXGOAI,legit,0,0.016232071171153016
BP-AJIOIN,legit,0,0.016248153268868876
VM-AMAZON,legit,0,0.034485639627195384
AX-SWIGGY,legit,0,0.016447359590589787
BW-INDPST,legit,0,0.015904665814424217
JM-RAPIDO,legit,0,0.011173191473857244
JD-MYNTRA0,phishing,1,0.9999936243008114
741695,phishing,1,0.9974128417412754
BW-SWIGGY,legit,0,0.014689816767260673
JD-DOMINO,legit,0,0.017341833142972066
BP-FASOSN,legit,0,0.016207310602169376
BW-ICICI8,phishing,1,0.9999977715032087
JD-GPAYIN,legit,0,0.013789963361453723
JD-BYJUS,legit,0,0.012569747533607026
VM-KOTAK8,phishing,1,0.9967497134877988
BP-TOPPR,legit,0,0.027091289497388243
VK-NYKAAE,legit,0,0.014366187834655375
VM-TATAPW,legit,0,0.023673703756106477
AX-KOTAKB,legit,0,0.0029905392789928925
JM-IRCTC,legit,0,0.014375674947777724
JM-BKINGI,legit,0,0.03136221437280588
511497,phishing,1,0.9999983571616374
AD-AJIOIN,legit,0,0.020732372383534845
JD-NYKAAE,legit,0,0.011942233030947266
VK-AMAZON,legit,0,0.015344378792193676
VM-TOPPR,legit,0,0.013283282653997343
8336873609,phishing,1,0.9965650151157898
JM-IXGOAI,legit,0,0.020886941862864376
AX-TOPPR,legit,0,0.03923222639786721
VM-MYNTRA,legit,0,0.009754227025571145
JM-BKINGI,legit,0,0.015307349446127877
AX-FLPKRN,phishing,1,0.9999921696155997
JD-FLPKRT,legit,0,0.016199667354757478
VK-AJIOIN8,phishing,1,0.7849404680330071
5768706448,phishing,1,0.9999974443004245
AD-MEESH0,phishing,1,0.9941608246573022
JD-ICICIB,legit,0,0.02100727943566456
VK-PNBSMS,legit,0,0.017049119711489372
AX-FASOSN,legit,0,0.01622213748986515
JM-PAYTM,legit,0,0.060415236407437116
AD-VEDANT,legit,0,0.018950279469311965
JM-FLPKRT,legit,0,0.013698005852815165
BP-MMTRIP,legit,0,0.008618628932703189
BP-UNACAD,legit,0,0.013221226727608306
VK-TATAPW,legit,0,0.018558425304655707
JM-FASOSN,legit,0,0.017354874083633162
AD-TOPPR,legit,0,0.04026806743544126
AX-IRCTC,legit,0,0.016189844928314878
BP-RAPIDO,legit,0,0.015023099119699285
AD-SWIGGY,legit,0,0.017836932580027835
VK-DOMINO,legit,0,0.017165481202856984
AD-DOM1NO,phishing,1,0.999996917437463
JM-AIRTEL,legit,0,0.005944929781706377
JD-TATAPW,legit,0,0.007980837923298898
46892,phishing,1,0.9971923480424782
VM-IRCTCS,phishing,1,0.999998666242437
BW-FASOSN,legit,0,0.01517290070216263
AD-DOMINO,legit,0,0.01558988494461323
AX-FLPKRT,legit,0,0.004605265603621711
JM-FASOSN,legit,0,0.016596384999213946
AD-IRCTC8,phishing,1,0.9999981678441805
JM-NYKAAE,legit,0,0.00625349721345963
JD-PNBSMS,legit,0,0.011010579751557231
AD-VEDANT,legit,0,0.031603934236332544
VK-UPGRAD,legit,0,0.015374784383805544
6352847534,phishing,1,0.9999971764055832
BW-SWIGGY,legit,0,0.019488823138392414
AX-NYKAAE,legit,0,0.013226056958077562
659325,phishing,1,0.9936682719200831
VK-HDFCBK,legit,0,0.0012463219366439775
JM-DOMINO,legit,0,0.015359782263287547
BP-BKINGI,legit,0,0.01718592889475135
AX-AMAZON0,phishing,1,0.9999907713920687
BW-MMTRIP,legit,0,0.015354936407086362
JD-IRCTC,legit,0,0.015560267750854787
JM-BYJUS,legit,0,0.014255617413577169
JD-FLPKRT,legit,0,0.027336654176339317
JM-TATAPW,legit,0,0.01333112526210869
AX-BYJUS,legit,0,0.024060632702460987
BW-PNBSMS,legit,0,0.001980505134297807
VK-UNACAS,phishing,1,0.9999980589090103
VK-NYKAAE,legit,0,0.016217166631335683
BP-PNBSMS,legit,0,0.003496597784832446
AD-UNACAD,legit,0,0.02684558395569545
VM-OYOROO,legit,0,0.011819698257497945
AD-TATAPW,legit,0,0.01790941464615925
JD-MMTRIP,legit,0,0.015354936407086362
AX-FLPKRT,legit,0,0.038560191837601204
6752215165,phishing,1,0.9999977701975813
BP-JIOFIB,legit,0,0.016791168629352857
JD-ICICIB,legit,0,0.0031003261880163664
AX-RAPIDO,legit,0,0.014323007554445568
1902628481,phishing,1,0.9924170801829953
JD-ICICIB,legit,0,0.012797510310639198
BW-TATAPW,legit,0,0.0090263798984951
JD-PWSKUL8,phishing,1,0.999996065575244
JD-FLPKRT,legit,0,0.016243006786910274
JM-AIRTEL,legit,0,0.025799773861808272
VM-AIRTEL,legit,0,0.019712949459628717
549651,phishing,1,0.9999987383210651
VK-TOPPR,legit,0,0.05846501511062689
JM-FASOSN,legit,0,0.015601887715582023
826113,phishing,1,0.9946103884662106
NF-RPJGYD,phishing,1,0.99740718170767
LI-GBDJOK,phishing,1,0.9949517925049185
VM-OYOROO,legit,0,0.030608158700507475
VM-PAYTM,legit,0,0.02868994812388747
AX-NYKAAE,legit,0,0.026341188422670726
AX-AXISBK,legit,0,0.01075389782576888
AD-VEDANT,legit,0,0.012082768755658726
AX-GPAYIN,legit,0,0.00894334075598591
AX-VEDANT,legit,0,0.05221641676734037
130093,phishing,1,0.999996779426885
JD-FASOSN,legit,0,0.0261883809533623
BW-GPAYIN,legit,0,0.03393642204228557
AX-YESBNK,legit,0,0.028697060815991618
VK-INDPST,legit,0,0.023562775692893022
VM-PWSKUL,legit,0,0.06886398310204575
JD-OYOROO,legit,0,0.012229013216367013
JM-TOPPR,legit,0,0.015621086339266992
AX-NYKAAE,legit,0,0.016217166631335683
VM-NYKAAE,legit,0,0.01500079332730175
BW-DOMINO,legit,0,0.012567381251656951
AX-AXISBK,legit,0,0.02224078634805371
BP-KOTAKS,phishing,1,0.9967497134877988
BW-AMAZON,legit,0,0.04593168830226659
BP-UNACAD,legit,0,0.04579135108573348
BP-TOPPRN,phishing,1,0.9999980555154744
VM-INDPST,legit,0,0.033783618980583234
BW-KOTAKB,legit,0,0.03351498775042738
VK-IXGOAI,legit,0,0.015560054688736322
JD-RAPIDO,legit,0,0.014323007554445568
AD-IRCTC,legit,0,0.012585253849991
RG-KRWOSV,phishing,1,0.9964975071425827
AD-RAPIDO,legit,0,0.018554217186409996
AD-OYOROO,legit,0,0.01394866230320965
BP-SBIINB,legit,0,0.017203512278789114
VM-DOMINO,legit,0,0.015359782263287547
JM-ICICIB,legit,0,0.017424181165416143
VK-TATAPW,legit,0,0.017108105186377856
9060094282,phishing,1,0.9999972587628982
JD-ICICIB,legit,0,0.04170935045244409
VM-INDPST,legit,0,0.009986810608806134
VK-BYJUS,legit,0,0.013656230215140378
AX-MYNTRS,phishing,1,0.7872446159805625
JD-FASOSN,legit,0,0.01618273844303449
VM-RAPIDO,legit,0,0.014323007554445568
BP-UNACAD,legit,0,0.01988380039352351
VK-OYOROO,legit,0,0.01987612393478897
AX-FLPKRT,legit,0,0.01704194035168006
BP-PWSKUL,legit,0,0.007425861435285384
VM-MYNTRA,legit,0,0.029268598699135003
AD-FLPKRT,legit,0,0.016013749876866674
BP-SWIGGY,legit,0,0.01569731533864328
JM-MYNTRA,legit,0,0.023809775854818433
VM-JI0FIB,phishing,1,0.9920699495987585
AD-UPGRAD,legit,0,0.020679547863341315
VK-UPGRAD,legit,0,0.02379885427189894
VK-KOTAKS,phishing,1,0.9999977656876398
AD-PNBSMS,legit,0,0.018774075285395844
JD-JIOFIB,legit,0,0.012878893347150578
AX-VEDANT,legit,0,0.01995247293553821
AD-FLPKRS,phishing,1,0.9971312885232775
BP-GPAYIN,legit,0,0.014828249537905737
BP-MMTRIP,legit,0,0.015542468857869099
VM-MMTRIP,legit,0,0.015542468857869099
556318,phishing,1,0.9963500548357784
JD-PAYTM,legit,0,0.06679057926107669
JD-YESBNK,legit,0,0.01221348981031672
AD-INDPST,legit,0,0.016905714518821998
BP-VEDANT,legit,0,0.01945960407411561
BW-VEDANT,legit,0,0.013403786107097556
AD-MMTRIP,legit,0,0.015354936407086362
BP-SWIGGY,legit,0,0.015788826454838326
JM-PAYTM,legit,0,0.08864991952861069
VK-FASOSN0,phishing,1,0.9999983513291358
VM-INDPST,legit,0,0.017677370066056904
VK-GPAYIN,legit,0,0.029455259540836214
BW-BYJUS,legit,0,0.010681958112630764
KA-IEQRLD,phishing,1,0.999996779426885
VK-AMAZON0,phishing,1,0.9896774604749284
JM-SWIGGY,legit,0,0.030067549206127864
AD-1RCTC,phishing,1,0.9964417170413152
BP-PWSKUL,legit,0,0.02145239555425051
BW-AIRTEL,legit,0,0.02460242458636165
VK-NYKAAE,legit,0,0.005290152468479257
BP-PWSKUL,legit,0,0.0392980020328278
AX-BKINGI,legit,0,0.037756227085531356
BW-MEESHO,legit,0,0.015284538440914342
BP-FASOSN,legit,0,0.01100375209148277
JM-RAPIDO,legit,0,0.015023099119699285
8119456628,phishing,1,0.9973085438966227
193948,phishing,1,0.9999813864022299
AX-SBIINB,legit,0,0.002672588131277127
VK-AXISBK,legit,0,0.002817169393908439
JD-MMTRIP,legit,0,0.00959343942329496
BP-MMTRIP,legit,0,0.01621802845268657
VK-BKINGI,legit,0,0.02278728810829671
BW-KOTAKB,legit,0,0.0027375624176132003
JD-DOMINN,phishing,1,0.9999950876603712
BP-PWSKUL,legit,0,0.01738498284848587
AX-YESBNK,legit,0,0.012370793979935787
963732,phishing,1,0.9968725902238437
JD-HDFCBK,legit,0,0.023305889934343828
AX-MYNTRA,legit,0,0.007973997055723445
AX-MMTRIP,legit,0,0.015577456294774925
BP-UPGRAD,legit,0,0.029128172676863504
VM-PAYTM,legit,0,0.01975680305171002
JM-GOIBIB,legit,0,0.016422802395974694
JD-DOMINO,legit,0,0.015574269488638002
JM-PWSKUL,legit,0,0.036429481237603874
JD-INDPST,legit,0,0.04766682712074541
VM-AXISBK,legit,0,0.028816452831435854
BW-HDFCBK,legit,0,0.013959195768532622
VK-NYKAAE,legit,0,0.01622925466098214
AX-OYORON,phishing,1,0.9999955554441703
BP-DOMINO,legit,0,0.013558949034761372
BW-AIRTEL,legit,0,0.04819791240785376
AD-UNACAD,legit,0,0.017389648791373294
AX-PAYTM,legit,0,0.021711537755256284
VM-YESBNK,legit,0,0.023800402822911057
BW-PWSKUL,legit,0,0.015315491536277948
AD-ICICI8,phishing,1,0.9999984025488037
AD-HDFCBK,legit,0,0.014839261567729451
AX-AMAZON,legit,0,0.016233789883235168
341774,phishing,1,0.9999983626730373
BW-IRCTC,legit,0,0.012333977323651941
JD-PNBSMS,legit,0,0.015287789936881357
VM-PWSKUL,legit,0,0.020608432288440087
AD-PAYTMS,phishing,1,0.9999991456217409
JM-GPAYIN8,phishing,1,0.999998365503918
JM-KOTAKB,legit,0,0.00325073871553041
JM-RAPIDO,legit,0,0.014958891801400412
AD-PAYTMX,phishing,1,0.99999872833356
AX-FLPKRT,legit,0,0.021513190384439187
JM-AJIOIN8,phishing,1,0.985843630138787
JM-PNBSMS,legit,0,0.012986345850240057
VM-TATAPWX,phishing,1,0.9999977682121438
VK-YESBNK,legit,0,0.0015585603431206767
BP-VEDANT,legit,0,0.013323040282387082
BP-AXISBK,legit,0,0.013784848119779158
7570041197,phishing,1,0.9999948974914513
AD-AJIOIN,legit,0,0.018946342402161538
VK-GOIBIB,legit,0,0.012629801178367489
BP-SW1GGY,phishing,1,0.9999972005026398
BP-INDPST,legit,0,0.047059580403005716
BP-JIOFIB,legit,0,0.007492998310909527
BP-FASOSN,legit,0,0.01623019357895369
3779,phishing,1,0.9952852778239965
VM-IRCTC,legit,0,0.016189844928314878
JM-PAYTM,legit,0,0.022449004268852428
VK-AJIOIN,legit,0,0.015283761896258862
AX-BKINGI,legit,0,0.01718592889475135
BW-TATAPW,legit,0,0.016318119082897823
VK-TOPPR,legit,0,0.022552331378180274
AX-UNACAD,legit,0,0.01566120597998034
AD-GOIBIB,legit,0,0.014187815122148532
JM-AXISBK,legit,0,0.011934687235365022
AD-MYNTRA,legit,0,0.02515288764251564
BP-AJIOIN,legit,0,0.010052629319427875
AD-FASOSN,legit,0,0.016249625316492627
JD-UPGRAD,legit,0,0.011354461050666311
VK-NYKAAE,legit,0,0.008188792756059238
VM-FASOSN,legit,0,0.015610957649771382
VK-TBIKFS,phishing,1,0.9999989030133904
BP-FLPKRT8,phishing,1,0.9856508590629878
VK-TATAPW,legit,0,0.010154428840095462
JM-MEESHO,legit,0,0.03585916434239775
YR-BGDYMU,phishing,1,0.9967741737080845
AX-AJIOIN,legit,0,0.015572657182060648
JD-MYNTRA,legit,0,0.026854884323338803
BW-DOMINO,legit,0,0.016230477924505538
VK-GPAYIN,legit,0,0.018892297596734532
AX-GPAYIN,legit,0,0.012190037785396214
AD-IRCTC,legit,0,0.013251715840507465
AX-SWIGGY,legit,0,0.024079694314036643
AX-VEDANT,legit,0,0.021772725813331114
BP-DOMINO,legit,0,0.015359782263287547
JD-8YJUS,phishing,1,0.9999974129777874
AX-ZOMATO,legit,0,0.030153636559872046
VM-IRCTC,legit,0,0.016051353307215927
JD-TATAPW,legit,0,0.028829237386961217
BW-JIOFIB,legit,0,0.0121928865284818
JM-MMTRIP,legit,0,0.02413435714133746
AD-AJIOIN,legit,0,0.015572657182060648
AD-RAPIDO,legit,0,0.010951269912731867
BW-DOMINO,legit,0,0.017936706915452714
AX-GPAYIN,legit,0,0.014215286832808819
AD-HDFCBK,legit,0,0.0015731742476362174
AD-PWSKUS,phishing,1,0.9944655611285227
VK-MMTRIP,legit,0,0.012224804462478032
AD-AIRTEL,legit,0,0.013941544112301177
VM-VEDANT,legit,0,0.02066069219289348
VK-GPAYIN,legit,0,0.014657808836311957
AX-GPAYIN,legit,0,0.009168671884639875
BW-FASOSN8,phishing,1,0.9999971839903498
AX-PNBSMS,legit,0,0.0173026589086199
JM-AXISBK,legit,0,0.015444838891788685
BW-MEESHS,phishing,1,0.9801400238518605
JM-AJIOIN,legit,0,0.02372438529648884
JD-BYJUS,legit,0,0.018129431709766122
JM-IRCTC,legit,0,0.014449274488110902
BP-PNBSMS,legit,0,0.00270615605167355
BW-TATAPW,legit,0,0.017007041460106308
3178776790,phishing,1,0.9999971975942453
BW-ZOMATO,legit,0,0.020050794824669392
JD-OYOROO,legit,0,0.010258160745361008
AD-VEDANT,legit,0,0.010765769241153415
JM-TOPPR,legit,0,0.010354599658535054
JM-T0PPR,phishing,1,0.9999987451603577
AD-PNBSMS,legit,0,0.029163378132664813
904187,phishing,1,0.9933251871284069
AX-ZOMATO,legit,0,0.023359313864350226
BW-FASOSN,legit,0,0.021323579211344906
BW-BKINGI,legit,0,0.024562848392149624
VM-FLPKRT,legit,0,0.02539381675979465
NR-ZGTBBI,phishing,1,0.9999920626507891
BW-PNBSMS,legit,0,0.0036859416627368575
JM-DOMINO,legit,0,0.018586292976969798
AD-FASOSN,legit,0,0.009768050897099416
JD-AMAZON,legit,0,0.014248124669848565
AX-MMTRIP,legit,0,0.02949198286949275
AX-VEDANT,legit,0,0.015752736304913088
JM-ZOMATO,legit,0,0.020431219790856714
318575628,phishing,1,0.9999985175026866
VK-KOTAKB,legit,0,0.013833680494007527
NQ-BQYWPF,phishing,1,0.9999929063483867
JM-SWIGGY,legit,0,0.10223418256020614
VF-VCSQIM,phishing,1,0.9999996065322692
BW-DOMINO8,phishing,1,0.9999975993855956
5326433310,phishing,1,0.9999967479962589
JM-ICICIB,legit,0,0.0021106327502896922
BW-AXISBK,legit,0,0.017664981998936062
AD-AMAZON,legit,0,0.015301398448571263
VM-YESBNK,legit,0,0.012847960811995119
JM-UPGRAD,legit,0,0.014712359998099242
AX-MYNTRA,legit,0,0.032964844419592694
VM-UPGRAD,legit,0,0.020777745484487575
YX-PNTIKM,phishing,1,0.9999902119297736
3514636275,phishing,1,0.9999974383968958
VK-GPAYIN,legit,0,0.0161726116257433
JD-MMTRIP,legit,0,0.015354936407086362
AD-UNACAD,legit,0,0.021433803414318872
JM-JIOFIB,legit,0,0.030277930534514868
BP-ICICIB,legit,0,0.0105348322042596
JM-AIRTEL,legit,0,0.017654826753369282
AD-ZOMATO,legit,0,0.02109910383297051
VK-OYOROO,legit,0,0.01560551616794752
JD-UNACAD,legit,0,0.01835655418931468
BW-RAPIDO,legit,0,0.013034230306336974
JD-UNACAD,legit,0,0.01556047713193959
JM-HDFCBK,legit,0,0.009978454549750722
BW-JIOFIB,legit,0,0.037621836141861
204889,phishing,1,0.9968539100612259
JD-AJIOIN,legit,0,0.016248153268868876
VM-PNBSMS,legit,0,0.020896197772202103
JM-AXISBK,legit,0,0.012669186484112208
BP-BKINGI,legit,0,0.016251312596885056
JM-ICICIB,legit,0,0.01858630799311699
VK-MEESHO,legit,0,0.01539250723790361
VM-IRCTC,legit,0,0.015358179920588067
BP-K0TAKB,phishing,1,0.9999954938713589
JD-UPGRAD,legit,0,0.011484162377996512
BP-RAPIDO,legit,0,0.01628520649884082
AX-NYKAAE,legit,0,0.020190258620921123
VK-AXISBK,legit,0,0.021152970971072313
AX-FLPKRT,legit,0,0.012729280089388091
AX-BKINGI,legit,0,0.037756227085531356
AD-VEDANT,legit,0,0.009676703437997026
VM-AXISBK,legit,0,0.020466902408219533
AX-ZOMATO,legit,0,0.02387213849458564
AD-RAPIDO,legit,0,0.014958891801400412
VK-MMTRIP,legit,0,0.016245855916575954
BP-BYJUS,legit,0,0.018675434256481167
624312,phishing,1,0.9999983562525815
JM-SWIGGY,legit,0,0.011016087378654175
VM-DOMINO,legit,0,0.015359782263287547
