sender_raw,header,operator_prefix,type_suffix,message_text,url,label,source,contributor,in_trai,trai_entity,notes
ViCARE-S,VICARE,,S,Data Alert-XXXXXXXX665! Your Daily Data pack is over. Buy Data pack viapp.onelink.me/bSC3/DA or dial *111# & get 1GB for 1Day until 11.59pm,viapp.onelink.me/bSC3/DA,legit,phone_capture,dharmi,yes,QUADRANT TELEVENTURES LTD.,
onTIRA-S,ONTIRA,,S,<#> Welcome to Tira! Verify your number with OTP 7043 and share our love for all things beauty.,,legit,phone_capture,dharmi,no,,
HDFCBK-T,HDFCBK,,T,Sent Rs.1079.12 From HDFC Bank A/C *5345 To amazon pay groceries On 23/07/26 Ref 126749780085 Not You? Call 18002586161/SMS BLOCK UPI to 7308080808,,legit,phone_capture,dharmi,yes,HDFC BANK LIMITED,
BLUDRT-S,BLUDRT,,S,Your order with Blue Dart AWB# 36178371235 was delivered to ANSHU . Please Rate our Service on,https://acl.cc/BLUDRT/o78mMZR5,legit,phone_capture,dharmi,yes,BLUE DART EXPRESS LIMITED,
DJSCEX-S,DJSCEX,,S,"Results of Sem IV Regular Examination held in May., 2026 declared. Visit SAP portal and your registered email. -SVKM",,legit,phone_capture,dharmi,no,,
blnkit-S,BLNKIT,,S,"We have initiated a refund of Rs.27.00 for ORD14104985912 as a Promo code, which should reflect in 1-2 hours. -blinkit",,legit,phone_capture,dharmi,no,,
JIOHTR-S,JIOHTR,,S,"Hi, your JioHotstar verification code is 5469",,legit,phone_capture,dharmi,no,,
SAVNA-S,SAVNA,,S,Hello! Your OTP is 3454. Valid for next 30 minutes -Savana,,legit,phone_capture,dharmi,no,,
SHEINI-S,SHEINI,,S,<#>To Register on SHEININDIA use One Time Password 5992 (valid for 10 mins). Make sure you do not share it with anyone for security reasons. 281z5M+dN9a,,legit,phone_capture,dharmi,no,,
ZOMATO-S,ZOMATO,,S,"Hello, 403068 is the  OTP  for Zomato App login using your phone number. Do not share it to anyone.  -ZOMATO",,legit,phone_capture,dharmi,yes,Parrot Infosoft Pvt Ltd,
LOCKER-S,LOCKER,,S,758157 is the One Time Password (OTP) to 2FA Login of your HDFC securities trading and investment account,,legit,phone_capture,dharmi,yes,National Informatics Centre Services Inc,
HDFCSC-S,HDFCSC,,S,"215508 is your OTP to access DigiLocker. OTP is confidential and valid for 10 minutes. For security reasons, DO NOT share this OTP with anyone.",,legit,phone_capture,dharmi,yes,HDFC SECURITIES LIMITED,
DOMINO-S,DOMINO,,S,<#>Your Domino's login OTP is 830307 CxLLAPJi7h+,,legit,phone_capture,dharmi,yes,Jubilant FoodWorks Limited,
IRSMSa-G,IRSMSA,,G,Unreserved Ticket with Reference ID 2501091661213426 is booked. Please check My Bookings to get ticket details. This message does not provide authorisation to travel.IR-CRIS,,legit,phone_capture,dharmi,yes,Centre For Railway Information Systems,
MYCLIQ-S,MYCLIQ,,S,CASH CREDITED: Rs. 100 added to your CLiQ Cash Wallet successfully. Access wallet: 1xpl.co/0HaXtt Tata CLiQ Fashion,1xpl.co/0HaXtt,legit,phone_capture,dharmi,yes,TATA Unistore Ltd,
VM-FLPKRT,FLPKRT,VM,,Your Flipkart order #714-3369077 is out for delivery today. OTP for delivery: 9212.,,legit,phone_capture,dharmi,yes,Flipkart Internet Pvt. Ltd.,
JX-SARBNK-S,SARBNK,JX,S,"Your a/c no. XX7198 is debited for Rs.4.85 on 01-08-2026 20:39:45 and credited to vpa bdpg2.iruts@sbi (UPI Ref no 621391196473) Your Current Balance is INR 7087.12. If this not done by you, kindly contact on  022-41572070 - Saraswat Co-op Bank Ltd.",,legit,phone_capture,dharmi,yes,THE SARASWAT CO,
JK-SBIUPI-S,SBIUPI,JK,S,"Dear SBI User, your A/c X7198-credited by Rs.24000 on 23Jul26 transfer from EXAM18 Ref No 956151352046 -SBI",,legit,phone_capture,dharmi,yes,STATE BANK OF INDIA,
JK-JIOMRT-S,JIOMRT,JK,S,You have a new message from JioMart. For details visit https: //jm101.com/Jiomart/?JM=50&code=kJXW5uLY2F&tag=sms,,legit,phone_capture,dharmi,yes,RELIANCE RETAIL LIMITED,
JK-SWIGGY-S,SWIGGY,JK,S,Use OTP 903537 to log into your Swiggy account. Do not share the OTP or your number with anyone including Swiggy personnel. ASkSzFWMk3x,,legit,phone_capture,dharmi,yes,Bundl Technologies Private Limited,
JZ-RJIOTV-S,RJIOTV,JZ,S,642316 is your one time password (OTP) to log in to JioTV. Please enter OTP to proceed +9PkT/SUuHE.,,legit,phone_capture,dharmi,no,,
AD-INYKAA,INYKAA,AD,,621028 is your verification code on Nykaa Fashion. The OTP expires within 10 mins. Atav12R5EIG,,legit,phone_capture,dharmi,yes,NYKAA ERetail Private Limited,
VM-MYNTRA,MYNTRA,VM,,[#] 2504 is your OTP to login to Myntra. DO NOT share with anyone. MYNTRA never calls to ask for OTP. The otp expires in 10 mins. 0pSLY7DMr7s - Myntra,,legit,phone_capture,dharmi,yes,MYNTRA DESIGNS PRIVATE LIMITED,
JX-WOWSKN,WOWSKN,JX,,Hi WOWster! Exclusive only for you! \n3 Bestseller Combo Kits worth Rs.3097 Now at Rs.999 & Claim an extra 5% Cashback\n \nHurry! u3.buywow.in/kw9O4p6\n-WOW Skin Science,,legit,phone_capture,dharmi,no,,
JM-ISKCON,ISKCON,JM,,"Today is Auspicious SRI RAMA NAVAMI,\nPlease support Daily ANNADAAN Free Food to NEEDY.\nDonate at www.iskcon-meals.co\n \nSave Tax\nISKCON\nFOOD FOR LIFE\nHARE KRISHNA",,legit,phone_capture,dharmi,yes,INTERNATIONAL SOCIETY FOR KRISHNA CONSCIOUSNESS,
JM-NMIMSU,NMIMSU,JM,,"Join SVKM's NMIMS webinar on 'BTech 3+1+1 Program' on Zoom with VT, USA Faculty TODAY at 7.30 PM. Join  https://npfs.in/k95ebZ4VL",,legit,phone_capture,dharmi,yes,SHRI VILEPARLE KELVANI MANDAL,
JK-ORIFLM,ORIFLM,JK,,"Congratulations on receiving your Oriflame Welcome Back Voucher'23 of INR 500/-, redeem by placing your 1st order! (Conditions apply). https://ori.link/bPtrpkUH",,legit,phone_capture,dharmi,yes,ORIFLAME INDIA PVT. LTD,
TM-BYJUSC,BYJUSC,TM,,"Hi student, Attend a FREE Science Exploration Workshop from Oct 13-19 at BYJU'S Tuition Centre & master concepts with complete clarity. Register:bit.ly/3epWTBN",,legit,phone_capture,dharmi,yes,Think and Learn Private Limited,
JM-KOTAKA,KOTAKA,JM,,"Hi 93210XXXXX,Now open a Zero Balance Savings account with no maintenance fees from your home. Open 811 A/C now: http://kotk.in/2JYBel .T&C -KotakBank",,legit,phone_capture,dharmi,no,,
AD-BYJUSC,BYJUSC,AD,,"Hi, Get upto 100% scholarship & know where you stand! Take FREE Admission Cum Scholarship Test at BYJU'S Tuition Centre on Apr 23&24. Register: bit.ly/3NH1gFg",,legit,phone_capture,dharmi,yes,Think and Learn Private Limited,
JK-MYCRCL,MYCRCL,JK,,"Dear 93210704XX,\nMUM vs LSG T20 Match on MY11Circle\nPrize Pool : 5,18,00,000 (5.18Crores)\nWin Now :  http://1kx.in/OI8z3VZ66DI",,legit,phone_capture,dharmi,yes,Play Games24x7 Pvt. Ltd.,
JX-NCBMUM,NCBMUM,JX,,"Consumption & trafficking of drugs is a criminal offence. Drugs are injurious to our health. Say NO to Drugs, Say YES to Life - Issued in public interest by NCB, India.",,legit,phone_capture,dharmi,no,,
JM-MYTNEU,MYTNEU,JM,,"Hi! 474211 is your OTP to register on Tata Neu. Remember, the code is valid for just 3 mins. We're delighted to see you!\n- Team Tata Neu\n \nmytTjKEKMvy",,legit,phone_capture,dharmi,no,,
AX-JGAANA,JGAANA,AX,,<#> Your Gaana OTP is: 859975 Note: Please DO NOT SHARE this OTP with anyone. BZrdxumBGea,,legit,phone_capture,dharmi,no,,
VK-YES8NK,YES8NK,VK,,"Dear User, INR 499 debited from your account. If not done by you, dispute now: http://secure-yesbank-verify.click/account",http://secure-yesbank-verify.click/account,phishing,phone_capture,dharmi,no,,
JD-INYKAA-S,INYKAA,JD,S,"Hi! Your Nykaa Wallet is upgraded. You can use it on Nykaa.com, NykaaMan & Nykaa stores. T&Cs: https://nykaa.co/INYKAA/Riin | Support: 1800 267 4444",,legit,phone_capture,dharmi,yes,NYKAA ERetail Private Limited,
JD-PNBSMS-S,PNBSMS,JD,S,A/c X5672 debited INR 830.00 Dt 03-08-26 17:04:08 to VIMALRAJESHBOKH thru UPI:658154877459.Bal INR 9813.97 Not u?Fwd this SMS to 9264092640 to block UPI.-PNB,,legit,phone_capture,dharmi,yes,PUNJAB NATIONAL BANK,
JK-URBNCP-S,URBNCP,JK,S,"Hey,\nPlease spare 2 mins to tell us about your Insta Help experience. Click here - https://b.ubcp.in/URNCLP/yvKwNw\n- Urban Company",,legit,phone_capture,dharmi,yes,URBANCLAP TECHNOLOGIES INDIA PRIVATE LIMITED,
VA-PAYUIN-S,PAYUIN,VA,S,980560 is your OTP to access your saved details on PayU. This OTP is valid for 3 Minutes. Please do not share this with anyone. @api.payu.in #980560,,legit,phone_capture,dharmi,yes,Payu Payments Private Limited,
SNABBT-P,SNABBT,,P,"Time for a home reset? Snabbit's Pack of 3 is just Rs 199, with Experts at your door",,legit,phone_capture_screenshot,iphone_a,no,,message truncated by inbox preview
AIRDOT-S,AIRDOT,,S,"Alert: On receiving any unwanted SMS , please complain by calling 1909 or send",,legit,phone_capture_screenshot,iphone_a,no,,message truncated by inbox preview
650025,650025,,,"Get the best speeds, powered by Fast lane Tech. That's the Postpaid advantage.",,legit,phone_capture_screenshot,iphone_a,no,,message truncated by inbox preview
JIOSVC-S,JIOSVC,,S,"Dear Customer, We were unable to get OTP to confirm if",,legit,phone_capture_screenshot,iphone_a,yes,Reliance Jio Infocomm Limited,message truncated by inbox preview
AIRTEL-S,AIRTEL,,S,Alert 50%: data is consumed. Get 3GB per day for 3 days at Rs. 39. Recharge now,,legit,phone_capture_screenshot,iphone_a,yes,Bharti Airtel Limited,message truncated by inbox preview
JIONET-S,JIONET,,S,"Dear Customer, Service request no SR00002O4XAE has",,legit,phone_capture_screenshot,iphone_a,yes,Reliance Jio Infocomm Limited,message truncated by inbox preview
NSDLDP-S,NSDLDP,,S,"On 08/09/26, 25 MV ELECTROSYSTE Debited from your a/c xxxx4051 for Pay-i",,legit,phone_capture_screenshot,iphone_a,yes,National Securities Depository Limited,message truncated by inbox preview
KPDEV-P,KPDEV,,P,"THE BUZZ IS BUILDING in Cropster Agro Ltd, Entry Price Rs 3.19",,legit,phone_capture_screenshot,iphone_a,no,,message truncated by inbox preview
JIOFBR-S,JIOFBR,,S,"Dear Customer, We have received a payment of Rs. 706.",,legit,phone_capture_screenshot,iphone_a,yes,Reliance Jio Infocomm Limited,message truncated by inbox preview
ICICIO-T,ICICIO,,T,537201 is One-Time Password for INR 706.82 transaction towards RELIANCE R,,legit,phone_capture_screenshot,iphone_a,no,,message truncated by inbox preview
620022,620022,,,"Get 5 Months EXTRA FREE & Save Rs.6,000!",,legit,phone_capture_screenshot,iphone_a,yes,Reliance Jio Infocomm Limited,message truncated by inbox preview
JIOFIB-S,JIOFIB,,S,Your bill dated 06-09-2026 for JioHome connection with JioFixedVoice Number,,legit,phone_capture_screenshot,iphone_a,no,,message truncated by inbox preview
AIRECI-S,AIRECI,,S,Is your name on the Electoral Roll? Check now on ECINET. Stay informed,,legit,phone_capture_screenshot,iphone_a,no,,message truncated by inbox preview
MAHGOV-S,MAHGOV,,S,,,legit,phone_capture_screenshot,iphone_a,yes,GOVERNMENT OF MAHARASHTRA ( DIRECTORATE OF INFORMATION,message truncated by inbox preview
650024,650024,,,Did you know you can get an Airtel Prepaid SIM online & get it delivered at home,,legit,phone_capture_screenshot,iphone_a,no,,message truncated by inbox preview
NSEIPO-S,NSEIPO,,S,Dear RDZXXXXX0H IPO SS Retail Limited : App no 37573441 for Rs 14840.00 receiv,,legit,phone_capture_screenshot,iphone_a,yes,National Stock Exchange of India Limited,message truncated by inbox preview
BOIIND-S,BOIIND,,S,Rs.59.00 debited A/cXX9000 and credited to Snabbit via UPI Ref No,,legit,phone_capture_screenshot,iphone_a,yes,BANK OF INDIA,message truncated by inbox preview
TRUMDS-P,TRUMDS,,P,"Next on the list: Your medicines. Whenever it's time to reorder, Truemeds is here to",,legit,phone_capture_screenshot,iphone_a,no,,message truncated by inbox preview
ICICIT-S,ICICIT,,S,Your ICICI Bank account no XXXXXXXXX742 has been blocked by an,,legit,phone_capture_screenshot,iphone_a,no,,message truncated by inbox preview
AIRTEL-P,AIRTEL,,P,"Introducing Airtel's Box Office Pack! Get Amazon Prime, Zee5, JioHotstar, 19 OTT",,legit,phone_capture_screenshot,iphone_a,yes,Bharti Airtel Limited,message truncated by inbox preview
HDFCBK-T,HDFCBK,,T,Sent Rs.25.00 From HDFC Bank A/C *XXXX,,legit,phone_capture_screenshot,iphone_a,yes,HDFC BANK LIMITED,message truncated by inbox preview
HDFCBK-S,HDFCBK,,S,Credit Alert! Rs.80.00 credited to HDFC Bank A/c XX,,legit,phone_capture_screenshot,iphone_a,yes,HDFC BANK LIMITED,message truncated by inbox preview
HDFCBN-S,HDFCBN,,S,Sent Rs.90.00 From HDFC Bank A/C *XXXX,,legit,phone_capture_screenshot,iphone_a,yes,HDFC BANK LIMITED,message truncated by inbox preview
PUSHPF-S,PUSHPF,,S,DearDtdYourNSECM Account:XXXXXXXXXX Received: Rs.1010,,legit,phone_capture_screenshot,iphone_a,no,,message truncated by inbox preview
VM-HDFCBK-S,HDFCBK,VM,S,UPI Mandate: Sent Rs.59.00,,legit,phone_capture_screenshot,iphone_a,yes,HDFC BANK LIMITED,message truncated by inbox preview
VD-HDFCBK-T,HDFCBK,VD,T,Sent Rs.40.00 From HDFC Bank A/C *XXXX,,legit,phone_capture_screenshot,iphone_a,yes,HDFC BANK LIMITED,message truncated by inbox preview
VM-HDFCBK-T,HDFCBK,VM,T,Sent Rs.148.00 From HDFC Bank A/C *XXXX,,legit,phone_capture_screenshot,iphone_a,yes,HDFC BANK LIMITED,message truncated by inbox preview
JM-JIOINF-S,JIOINF,JM,S,"महत्वपूर्ण सूचना, ऑफ़र और अन्य जानकारी प्राप्त करें! कुछ आसान चरणों में",,legit,phone_capture_screenshot,android_b,yes,Reliance Jio Infocomm Limited,message truncated by inbox preview
JD-YESBNK-S,YESBNK,JD,S,"Dear Customer, a cooling period limit of Rs. 5,000 is applicable for",,legit,phone_capture_screenshot,android_b,yes,Yes Bank Ltd,message truncated by inbox preview
JK-YESBNK-S,YESBNK,JK,S,"Dear Customer, registration for POP has started for YES BANK.",,legit,phone_capture_screenshot,android_b,yes,Yes Bank Ltd,message truncated by inbox preview
VA-PNBSMS-S,PNBSMS,VA,S,A/c XXXXX debited INR 143.00 Dt 18-09-26 11:44:57 to,,legit,phone_capture_screenshot,android_b,yes,PUNJAB NATIONAL BANK,message truncated by inbox preview
VM-PNBSMS-S,PNBSMS,VM,S,A/c XXXXX debited INR 86.00 Dt 18-09-26 11:10:43 to,,legit,phone_capture_screenshot,android_b,yes,PUNJAB NATIONAL BANK,message truncated by inbox preview
JK-NOBERO-P,NOBERO,JK,P,,,legit,phone_capture_screenshot,android_b,no,,message truncated by inbox preview
JX-JIONET-S,JIONET,JX,S,"Dear Customer, To check the network speed of your Jio co",,legit,phone_capture_screenshot,android_b,yes,Reliance Jio Infocomm Limited,message truncated by inbox preview
JZ-JIONET-S,JIONET,JZ,S,This is in reference to the installation of JioFiber connection against ORN,,legit,phone_capture_screenshot,android_b,yes,Reliance Jio Infocomm Limited,message truncated by inbox preview
JK-SBIUPI-S,SBIUPI,JK,S,"Dear SBI User, your A/c XXXXX-credited by Rs.80 on 13",,legit,phone_capture_screenshot,android_b,yes,STATE BANK OF INDIA,message truncated by inbox preview
JM-JIOFBR-S,JIOFBR,JM,S,"Dear Customer, With reference to Service Request/Order number",,legit,phone_capture_screenshot,android_b,yes,Reliance Jio Infocomm Limited,message truncated by inbox preview
JX-JIOFBR-S,JIOFBR,JX,S,"Dear Customer, INSTALLATION appointment of your JioHome co",,legit,phone_capture_screenshot,android_b,yes,Reliance Jio Infocomm Limited,message truncated by inbox preview
AD-MAXFSN-P,MAXFSN,AD,P,Max Launches Max Project New - Exclusive Festive Collection,,legit,phone_capture_screenshot,android_b,yes,LIFESTYLE INTERNATIONAL PRIVATE LIMITED,message truncated by inbox preview
AD-SUBWAY-P,SUBWAY,AD,P,Hey Subway fan! You love to order Subs. Visit Today to get 10% OF,,legit,phone_capture_screenshot,android_b,no,,message truncated by inbox preview
AX-ARTMOV-P,ARTMOV,AX,P,India vs Sri Lanka - Ready to cheer? Watch Team India in FINA,,legit,phone_capture_screenshot,android_b,no,,message truncated by inbox preview
JK-JIOFBR-S,JIOFBR,JK,S,"Dear Customer, We are happy to inform you that your JioFiber con",,legit,phone_capture_screenshot,android_b,yes,Reliance Jio Infocomm Limited,message truncated by inbox preview
JD-JIONET-S,JIONET,JD,S,825795 is your One time password (OTP). We have receiv,,legit,phone_capture_screenshot,android_b,yes,Reliance Jio Infocomm Limited,message truncated by inbox preview
JD-JIOFBR-S,JIOFBR,JD,S,We are delighted to welcome you to JioFiber family. Your JioFiber,,legit,phone_capture_screenshot,android_b,yes,Reliance Jio Infocomm Limited,message truncated by inbox preview
JD-JIOPAY-S,JIOPAY,JD,S,"Dear Customer, recharge of Rs.3000 is successful for your",,legit,phone_capture_screenshot,android_b,yes,Reliance Jio Infocomm Limited,message truncated by inbox preview
JM-JIOPAY-S,JIOPAY,JM,S,"Dear Customer, recharge of Rs.3000 is successful for your",,legit,phone_capture_screenshot,android_b,yes,Reliance Jio Infocomm Limited,message truncated by inbox preview
VM-SBIUPI-S,SBIUPI,VM,S,"Dear SBI User, your A/c XXXXX-credited by Rs.2 on 17Se",,legit,phone_capture_screenshot,android_b,yes,STATE BANK OF INDIA,message truncated by inbox preview
AX-ARTXTM-P,ARTXTM,AX,P,Love binging on OTTs? You already have FREE access to 20,,legit,phone_capture_screenshot,android_b,no,,message truncated by inbox preview
AD-650022-P,650022,AD,P,"Hi <NAME>, Surprise! Enjoy Airtel Xstream Pl",,legit,phone_capture_screenshot,android_b,no,,message truncated by inbox preview
BG-PNBSMS-S,PNBSMS,BG,S,A/c XXXXX credited for INR 325.00 on 14-09-26 17:48:26 by,,legit,phone_capture_screenshot,android_b,yes,PUNJAB NATIONAL BANK,message truncated by inbox preview
AD-AIRBIL-S,AIRBIL,AD,S,"Hi <NAME>, Bill for your Airtel Mobile XXXXXXXXXX dated 14-S",,legit,phone_capture_screenshot,android_b,yes,Bharti Airtel Limited,message truncated by inbox preview
VM-IRSMSa-G,IRSMSA,VM,G,Unreserved Ticket with Reference ID XXXXXXXXXXXXXX is booked,,legit,phone_capture_screenshot,android_b,yes,Centre For Railway Information Systems,message truncated by inbox preview
CANBNK,CANBNK,,,"Dear Customer, Thanks for your patronage to Canara Bank. SMS Chg. for",,legit,phone_capture_screenshot,android_c,yes,Canara Bank,message truncated by inbox preview
LICIND,LICIND,,,Survival Benefit is due /payable under Policy No XXXXXXXXX. Contact LIC Branch,,legit,phone_capture_screenshot,android_c,yes,LIFE INSURANCE CORPORATION OF INDIA,message truncated by inbox preview
JK-FLAGFT-P,FLAGFT,JK,P,"Hi <NAME>, Fresh blooms, beautiful bouquets! Order today for your loved on",,legit,phone_capture_screenshot,android_c,no,,message truncated by inbox preview
57575711,57575711,,,[Uber] Your code: XXXX. Never share this code with anyone.,,legit,phone_capture_screenshot,android_c,no,,message truncated by inbox preview
SUPRST,SUPRST,,,Superset: XXXX is your Superset mobile verification code,,legit,phone_capture_screenshot,android_c,no,,message truncated by inbox preview
AD-DJSCEX-S,DJSCEX,AD,S,"Results of Sem IV Re-Examination held in Jul., 2026 declared. Visit SAP portal and",,legit,phone_capture_screenshot,android_c,no,,message truncated by inbox preview
TX-DJSCEX-S,DJSCEX,TX,S,Hall ticket for Sem IV Re Examination Jul 2026 is sent to your registered email-id.,,legit,phone_capture_screenshot,android_c,no,,message truncated by inbox preview
VM-DJSCEX-S,DJSCEX,VM,S,"All eligible students, visit SAP Portal to apply for Sem IV , Re-examination Jul 20",,legit,phone_capture_screenshot,android_c,no,,message truncated by inbox preview
TX-FLGIFT-P,FLGIFT,TX,P,"Hi <NAME>, final hours to save on your first purchase! Rs.100 OFF with code",,legit,phone_capture_screenshot,android_c,no,,message truncated by inbox preview
JD-IRSMSa-S,IRSMSA,JD,S,You have registered successfully on RailOne. Use user id s***1 or mobile nu,,legit,phone_capture_screenshot,android_c,yes,Centre For Railway Information Systems,message truncated by inbox preview
UIICHO,UIICHO,,,"Dear Customer, PNR XXXXXXXXXX; PA Insurance Certificate/s mailed; Premiu",,legit,phone_capture_screenshot,android_c,yes,UNITED INDIA INSURANCE COMPANY LIMITED,message truncated by inbox preview
JD-MMMRLT-P,MMMRLT,JD,P,Mega Launch By Prestige at Mulund 32 Acres Flats with Hills Views 3BHK-2.80,,legit,phone_capture_screenshot,android_c,no,,message truncated by inbox preview
JE-JioPay-S,JIOPAY,JE,S,रिचार्ज सफल रहा! प्लान का नाम : 49.0 Jio नंबर : XXXXXXXXXX लाभ : Benefits: 1. Unlimited,,legit,phone_capture_screenshot,android_c,yes,Reliance Jio Infocomm Limited,message truncated by inbox preview
57273201,57273201,,,Your NVIDIA verification code is: XXXXXX. This code will expire in 10 minutes.,,legit,phone_capture_screenshot,android_c,no,,message truncated by inbox preview
VZ-ViCARE-S,VICARE,VZ,S,"Charge:Rs 0.00; Main-Bal:Rs0.00, OG-Validity:08-Jun-26",,legit,phone_capture_screenshot,android_c,yes,QUADRANT TELEVENTURES LTD.,message truncated by inbox preview
JK-ISKONK-P,ISKONK,JK,P,Hare Krishna! We cordially invite you to visit our new temple along with your fa,,legit,phone_capture_screenshot,android_c,no,,message truncated by inbox preview
VM-CANBNK,CANBNK,VM,,Rs.450.00 paid thru A/C XXXXXXX on 06-5-25 to <NAME>,,legit,phone_capture_screenshot,android_c,yes,Canara Bank,message truncated by inbox preview
VK-CANBNK,CANBNK,VK,,Rs.40.00 paid thru A/C XXXXXXX on 23-4-25 to MUMBAI METRO,,legit,phone_capture_screenshot,android_c,yes,Canara Bank,message truncated by inbox preview
VK-PNBSMS-S,PNBSMS,VK,S,"Dear Customer, thank you for availi",,legit,phone_capture_screenshot,android_d,yes,PUNJAB NATIONAL BANK,message truncated by inbox preview
VA-PRANCR-P,PRANCR,VA,P,Launching-Rustomjee Ozone2! 49Story Tower,,legit,phone_capture_screenshot,android_d,no,,message truncated by inbox preview
JD-PNBSMS-S,PNBSMS,JD,S,"Ac XXXXXX Credited with Rs.XXXX,04-06-2026 11:04:16",,legit,phone_capture_screenshot,android_d,yes,PUNJAB NATIONAL BANK,message truncated by inbox preview
VM-HDFCBK-S,HDFCBK,VM,S,HDFCBANK UPDATE: Your FD No X,,legit,phone_capture_screenshot,android_d,yes,HDFC BANK LIMITED,message truncated by inbox preview
JK-PRSCRP-S,PRSCRP,JK,S,<redacted: clinic follow-up to a named patient>,,legit,phone_capture_screenshot,android_d,yes,PRESCRIP HEALTH TECHNOLOGY LLP,message truncated by inbox preview
JD-PRSCRP-S,PRSCRP,JD,S,<redacted: clinic follow-up to a named patient>,,legit,phone_capture_screenshot,android_d,yes,PRESCRIP HEALTH TECHNOLOGY LLP,message truncated by inbox preview
AX-PNBSMS-S,PNBSMS,AX,S,"Ac XXXXXX Credited with Rs.XXXXXX,29-04-2026 11:51:07",,legit,phone_capture_screenshot,android_d,yes,PUNJAB NATIONAL BANK,message truncated by inbox preview
AD-PNBSMS-S,PNBSMS,AD,S,Ac XXXXXX debited Rs.XXXXX on 08-04-2026 09:50:26 to <NAME>,,legit,phone_capture_screenshot,android_d,yes,PUNJAB NATIONAL BANK,message truncated by inbox preview
VM-VAAHAN,VAAHAN,VM,,Your PUC certificate validity is 202,,legit,phone_capture_screenshot,android_d,yes,National Informatics Centre Services Inc,message truncated by inbox preview
TX-PRSCRP-S,PRSCRP,TX,S,<redacted: clinic follow-up to a named patient>,,legit,phone_capture_screenshot,android_d,yes,PRESCRIP HEALTH TECHNOLOGY LLP,message truncated by inbox preview
AD-TRAIND-G,TRAIND,AD,G,स्पैम कॉल्स से परेशान है? TRAI DND ऐप पर स्पैम की शिकायत दर्ज करें,,legit,phone_capture_screenshot,android_d,no,,message truncated by inbox preview
JK-PNBSMS-S,PNBSMS,JK,S,Ac XXXXXX debited Rs.XXXXX on 10-08-2026 12:13:28 to <NAME>,,legit,phone_capture_screenshot,android_d,yes,PUNJAB NATIONAL BANK,message truncated by inbox preview
AX-MOMSME-S,MOMSME,AX,S,"Parliament passed MSME Development(Amendment) Bill,202",,legit,phone_capture_screenshot,android_d,no,,message truncated by inbox preview
VA-WSTSID-P,WSTSID,VA,P,Extra 20% OFF on rest SALE styles,,legit,phone_capture_screenshot,android_d,yes,Trent Limited,message truncated by inbox preview
JK-PRPANC-P,PRPANC,JK,P,India biggest Developer!! Coming in Bangur Nagar-Goregaon,,legit,phone_capture_screenshot,android_d,no,,message truncated by inbox preview
AD-KOHLER-S,KOHLER,AD,S,"Dear Kohler Customer, your service request CXXXXXXXXXXXXX attende",,legit,phone_capture_screenshot,android_d,no,,message truncated by inbox preview
AX-KOHLER-S,KOHLER,AX,S,"Dear Kohler Customer, your service",,legit,phone_capture_screenshot,android_d,no,,message truncated by inbox preview
JX-TRAIND-G,TRAIND,JX,G,स्पॅम कॉल्समुळे त्रस्त आहात का? TRAI DND अॅपवर स्पॅमची तक्रार नोंदवा,,legit,phone_capture_screenshot,android_d,no,,message truncated by inbox preview
AX-PRSCRP-S,PRSCRP,AX,S,<redacted: clinic follow-up to a named patient>,,legit,phone_capture_screenshot,android_d,yes,PRESCRIP HEALTH TECHNOLOGY LLP,message truncated by inbox preview
AX-KOHLER-P,KOHLER,AX,P,"Dear Kohler Customer, thank you f",,legit,phone_capture_screenshot,android_d,no,,message truncated by inbox preview
AD-AIRTEL-S,AIRTEL,AD,S,"In terms of the Information Technology Rules 2021, this mess",,legit,phone_capture_screenshot,android_d,yes,Bharti Airtel Limited,message truncated by inbox preview
CP-HLPLIX-P,HLPLIX,CP,P,"Hello, Just upload your test reports on htt",,legit,phone_capture_screenshot,android_d,no,,message truncated by inbox preview
JM-JIOINF-S,JIOINF,JM,S,व्यक्तिगत जानकारी साझा करने के लिए कहने वाले किसी भी धोखाधड़ी वाले कॉल/संदेश,,legit,phone_capture_screenshot,android_d,yes,Reliance Jio Infocomm Limited,message truncated by inbox preview
JM-ISATHI-G,ISATHI,JM,G,Want to know number of SIMs in your name? Download Sanchar Saathi to,,legit,phone_capture_screenshot,android_d,no,,message truncated by inbox preview
JM-WSTSID-P,WSTSID,JM,P,Festive mood? Match it with celebration-ready ethnic styles at W,,legit,phone_capture_screenshot,android_d,yes,Trent Limited,message truncated by inbox preview
JX-TITNWO-P,TITNWO,JX,P,"This Teachers' Day, thank those who taught, guided & inspired you.",,legit,phone_capture_screenshot,android_d,no,,message truncated by inbox preview
JK-620020-P,620020,JK,P,अपना पसंदीदा गाना को बनाएँ फ्री कॉलर ट्यून,,legit,phone_capture_screenshot,android_d,yes,Reliance Jio Infocomm Limited,message truncated by inbox preview
JX-ISATHI-G,ISATHI,JX,G,Want to know number of SIMs in your name? Download Sanchar Saathi to,,legit,phone_capture_screenshot,android_d,no,,message truncated by inbox preview
JK-620019-P,620019,JK,P,Recharge your Jio no. XXXXXXXXXX with Rs.3599 Plan & Enjoy Jio's Me,,legit,phone_capture_screenshot,android_d,yes,Reliance Jio Infocomm Limited,message truncated by inbox preview
AD-ILOMBD-P,ILOMBD,AD,P,"ICICI Lombard: Dear customer, your 2-wheeler policy is due for renewal",,legit,phone_capture_screenshot,android_d,no,,message truncated by inbox preview
JM-JIOVOC-S,JIOVOC,JM,S,आपकी प्रतिक्रिया हमारे लिए महत्वपूर्ण है। कृपया Jio मोबाइल सेवा अनुभव पर अपनी,,legit,phone_capture_screenshot,android_d,no,,message truncated by inbox preview
JM-620019-P,620019,JM,P,Recharge your Jio no. XXXXXXXXXX with Rs.3599 Plan & Enjoy Jio's Mega,,legit,phone_capture_screenshot,android_d,yes,Reliance Jio Infocomm Limited,message truncated by inbox preview
CP-315101-P,315101,CP,P,Institute of Public Enterprise (IPE) encourages you to appear for CAT 20,,legit,phone_capture_screenshot,android_d,no,,message truncated by inbox preview
AD-AIRECI-S,AIRECI,AD,S,Is your name on the Electoral Roll? Check now on ECINET. Stay informed,,legit,phone_capture_screenshot,android_d,no,,message truncated by inbox preview
AD-ARKDPL-P,ARKDPL,AD,P,"Own your dream home at Arkade Evoke, Goregaon W.",,legit,phone_capture_screenshot,android_d,no,,message truncated by inbox preview
JD-620019-P,620019,JD,P,Recharge your Jio no. XXXXXXXXXX with Rs.3599 Plan & Enjoy Jio's Meg,,legit,phone_capture_screenshot,android_d,yes,Reliance Jio Infocomm Limited,message truncated by inbox preview
