URL,Label
https://www.google.com,good
https://www.youtube.com,good
https://www.facebook.com,good
https://www.amazon.com,good
https://en.wikipedia.org,good
https://www.github.com,good
https://www.microsoft.com,good
https://www.apple.com,good
https://www.linkedin.com,good
https://www.netflix.com,good
https://www.instagram.com,good
https://twitter.com,good
https://www.reddit.com,good
https://www.paypal.com,good
https://www.dropbox.com,good
https://www.spotify.com,good
https://www.adobe.com,good
https://www.wordpress.com,good
https://stackoverflow.com,good
https://www.quora.com,good
https://www.yahoo.com,good
https://www.bing.com,good
https://www.zoom.us,good
https://www.salesforce.com,good
https://www.ibm.com,good
https://www.oracle.com,good
https://www.samsung.com,good
https://www.intel.com,good
https://www.nytimes.com,good
https://www.bbc.com,good
https://www.cnn.com,good
https://www.espn.com,good
https://www.walmart.com,good
https://www.target.com,good
https://www.ebay.com,good
https://www.airbnb.com,good
https://www.booking.com,good
https://www.uber.com,good
https://www.tesla.com,good
https://www.nike.com,good
https://www.whatsapp.com,good
https://www.pinterest.com,good
https://www.tumblr.com,good
https://www.snapchat.com,good
https://www.tiktok.com,good
https://www.discord.com,good
https://www.slack.com,good
https://www.notion.so,good
https://www.trello.com,good
https://www.medium.com,good
https://www.canva.com,good
https://www.figma.com,good
https://www.shopify.com,good
https://www.etsy.com,good
https://www.indeed.com,good
https://www.glassdoor.com,good
https://www.coursera.org,good
https://www.udemy.com,good
https://www.khanacademy.org,good
https://www.edx.org,good
https://www.mit.edu,good
https://www.harvard.edu,good
https://www.stanford.edu,good
https://www.nasa.gov,good
https://www.who.int,good
https://www.un.org,good
https://www.irs.gov,good
https://www.usa.gov,good
https://www.gov.uk,good
https://www.python.org,good
https://www.mozilla.org,good
https://www.w3.org,good
https://www.npmjs.com,good
https://www.docker.com,good
https://www.kubernetes.io,good
https://www.cloudflare.com,good
https://aws.amazon.com,good
https://azure.microsoft.com,good
https://cloud.google.com,good
https://www.digitalocean.com,good
https://www.godaddy.com,good
https://www.namecheap.com,good
https://www.hostgator.com,good
https://www.wix.com,good
https://www.squarespace.com,good
https://www.mailchimp.com,good
https://www.hubspot.com,good
https://www.zendesk.com,good
https://www.atlassian.com,good
https://www.jetbrains.com,good
https://www.samsung.com/in,good
https://www.sony.com,good
https://www.lg.com,good
https://www.hp.com,good
https://www.dell.com,good
https://www.lenovo.com,good
https://www.asus.com,good
https://www.canon.com,good
https://www.nikon.com,good
https://www.adidas.com,good
https://www.puma.com,good
https://www.zara.com,good
https://www.hm.com,good
https://www.ikea.com,good
https://www.starbucks.com,good
https://www.mcdonalds.com,good
https://www.dominos.com,good
https://www.swiggy.com,good
https://www.zomato.com,good
https://www.flipkart.com,good
https://www.myntra.com,good
https://www.irctc.co.in,good
https://www.hdfcbank.com,good
https://www.icicibank.com,good
https://www.sbi.co.in,good
https://www.rbi.org.in,good
https://www.timesofindia.com,good
https://www.hindustantimes.com,good
https://www.ndtv.com,good
https://www.moneycontrol.com,good
https://www.investopedia.com,good
https://www.wsj.com,good
https://www.forbes.com,good
https://www.bloomberg.com,good
https://www.theguardian.com,good
https://www.reuters.com,good
https://www.nature.com,good
https://www.sciencedirect.com,good
https://www.researchgate.net,good
https://www.imdb.com,good
https://www.rottentomatoes.com,good
https://www.twitch.tv,good
https://www.soundcloud.com,good
https://www.vimeo.com,good
https://en.wikipedia.org/wiki/Machine_learning,good
https://en.wikipedia.org/wiki/Python_(programming_language),good
https://stackoverflow.com/questions/tagged/python,good
https://github.com/torvalds/linux,good
https://docs.python.org/3/tutorial/,good
https://developer.mozilla.org/en-US/docs/Web,good
https://support.google.com/accounts,good
https://help.netflix.com,good
https://www.amazon.com/gp/help/customer/display.html,good
https://www.paypal.com/us/webapps/mpp/home,good
https://www.paypal.com/signin,good
https://www.paypal.com/myaccount/summary,good
https://www.paypal.com/myaccount/transfer,good
https://www.paypal.com/us/home,good
https://www.paypal.com/us/smarthelp/home,good
https://www.paypal.com/us/webapps/mpp/security,good
https://www.paypal.com/us/webapps/mpp/paypal-safety,good
https://www.paypal.com/us/signin/,good
https://www.paypal.com/myaccount/settings,good
https://www.paypal.com/invoice/s/details,good
https://accounts.google.com,good
https://accounts.google.com/signin,good
https://accounts.google.com/ServiceLogin,good
https://myaccount.google.com,good
https://mail.google.com,good
https://drive.google.com,good
https://login.microsoftonline.com,good
https://login.live.com,good
https://account.microsoft.com,good
https://outlook.office.com,good
https://www.office.com,good
https://appleid.apple.com,good
https://appleid.apple.com/account,good
https://www.icloud.com,good
https://support.apple.com,good
https://www.amazon.com/gp/css/homepage.html,good
https://www.amazon.com/a/addresses,good
https://www.amazon.com/gp/your-account/order-history,good
https://www.amazon.com/ap/signin,good
https://www.hdfcbank.com/personal/netbanking,good
https://www.icicibank.com/personal-banking,good
https://netbanking.sbi,good
https://www.sbi.co.in/web/personal-banking,good
https://www.chase.com,good
https://www.chase.com/personal/credit-cards,good
https://www.bankofamerica.com,good
https://www.wellsfargo.com,good
https://www.wellsfargo.com/online-banking,good
https://www.citibank.com,good
https://www.americanexpress.com,good
https://www.discover.com,good
https://www.venmo.com,good
https://www.zellepay.com,good
https://www.coinbase.com,good
https://www.coinbase.com/signin,good
https://www.binance.com,good
https://secure.paypal.com,good
https://www.ebay.com/signin,good
https://signin.ebay.com,good
https://www.netflix.com/login,good
https://www.netflix.com/youraccount,good
https://www.linkedin.com/login,good
https://www.instagram.com/accounts/login,good
https://www.facebook.com/login,good
https://twitter.com/login,good
https://www.dropbox.com/login,good
https://www.adobe.com/account,good